"ref ID","partner ID","ref date","user ID","registration date","payment ID","payment date","payment amount","revenue in cents","payment service ID","payment provider",platform,place,country,"last app","Product Id"
597,12,"2018-03-21 21:58:51",117328667,"2018-03-21 21:58:51",1,"2018-03-21 22:08:50",100,97,19,"Деньги от Ninja",st,coins_popup_navigation,US,standalonetf,coin.one
,,,117191687,"2018-03-17 17:01:17",5,"2018-03-18 06:07:28",17,8,57,"Деньги от Одноклассников",ok,superPopupFromBlockExpressMessages,KZ,topface,premium.1day_PUincrease
597,12,"2018-03-17 20:53:16",117195121,"2018-03-17 20:53:16",8,"2018-03-20 10:24:12",203,142,147,"Деньги от iTunes",fb,FromMenu,UG,topfacemobappios,com.topface.topface.premium.week.1
597,12,"2018-03-12 02:28:47",117095065,"2018-03-12 02:28:46",5,"2018-03-12 12:04:39",308,172,19,"Деньги от SMS Online",ok,sympathy_access,RU,standalonetf,
,,,117092298,"2018-03-11 21:03:53",23,"2018-03-23 09:05:58",100,97,19,"Деньги от Ninja",fb,coins_popup_navigation,BY,standalonetf,coin.one
,,,117459860,"2018-03-26 14:14:03",5,"2018-03-28 21:02:37",86,43,57,"Деньги от Одноклассников",ok,superPopupFromBlockExpressMessages,RU,topface,premium.7day_PUincrease
597,12,"2018-03-29 03:37:13",117514358,"2018-03-29 03:37:13",18,"2018-03-29 04:30:24",100,97,127,"Деньги от Ninja",st,coins_popup_navigation,PT,standalonetf,coin.one
597,12,"2017-11-10 08:53:43",114497946,"2018-03-19 09:48:52",234,"2018-02-08 11:18:59",69,0,19,"Деньги от Paymentwall (web)",ok,coins_popup_profile_menu,RU,standalonetf,
,,,117074046,"2018-03-10 16:47:28",59,"2018-03-22 08:56:25",88,44,57,"Деньги от Одноклассников",ok,new_dating_block_write_message_from_search,RU,topface,premium.1
,,,117446138,"2018-03-25 20:03:45",54,"2018-03-31 19:16:41",52,26,19,"Деньги от Одноклассников",ok,sympathy_access,UA,topface,coin.one
,,,117074046,"2018-03-10 16:47:28",9,"2018-03-11 13:23:56",53,26,77,"Деньги от Одноклассников",ok,,RU,topface,bombmsg.bombmsg
,,,117074046,"2018-03-10 16:47:28",15,"2018-03-11 18:04:08",88,44,57,"Деньги от Одноклассников",ok,superPopupFromExperiment57-2BlockDialog,RU,topface,premium.1
597,12,"2018-03-21 13:23:05",117308254,"2018-03-21 13:23:05",4,"2018-03-22 13:14:04",269,188,67,"Деньги от Google Play",st,EmptyLikes,BY,standalonetf,com.topface.topface.likes.100.3
,,,117174470,"2018-03-16 17:04:53",24,"2018-03-17 18:08:43",52,26,19,"Деньги от Одноклассников",ok,sympathy_access,RU,topface,coin.one
597,12,"2018-03-29 03:37:13",117514358,"2018-03-29 03:37:13",1,"2018-03-29 04:03:27",100,97,19,"Деньги от Ninja",st,coins_popup_profile_menu,PT,standalonetf,coin.one
,,,117074046,"2018-03-10 16:47:28",74,"2018-03-31 23:11:09",88,44,57,"Деньги от Одноклассников",ok,new_dating_block_write_message_from_search,RU,topface,premium.1
,,,117174470,"2018-03-16 17:04:53",7,"2018-03-17 10:20:31",17,8,57,"Деньги от Одноклассников",ok,superPopupFromBlockExpressMessages,RU,topface,premium.1day_PUincrease
597,12,"2018-03-12 13:30:43",117098807,"2018-03-12 13:30:43",8,"2018-03-16 18:18:56",69,67,19,"Деньги от Ninja",vk,sympathy_access,RU,standalonetf,coin.one
,,,117087474,"2018-03-11 12:54:15",10,"2018-03-17 18:32:55",122,62,57,Голоса,vk,superPopupFromExperiment57-2BlockDialog,UA,topface,premium.1
,,,117465932,"2018-03-26 19:01:32",10,"2018-03-27 13:26:34",612,310,19,Голоса,vk,coins_popup_navigation,RU,topface,coin.150coins
597,12,"2018-03-23 23:20:12",117405916,"2018-03-23 23:20:12",12,"2018-03-25 11:38:04",306,155,147,Голоса,vk,super_express_message,RU,topface,
597,12,"2018-03-26 09:26:10",117455935,"2018-03-26 09:26:10",1,"2018-03-27 12:36:06",306,297,68,"Деньги от Ninja",st,super_express_message,RU,standalonetf,premium.pack7
,,,117246952,"2018-03-19 21:08:10",2,"2018-03-24 14:52:53",122,62,57,Голоса,vk,superPopupFromExperiment57-2BlockDialog,LV,topface,premium.1
597,12,"2018-03-22 04:14:17",117342081,"2018-03-22 04:14:17",7,"2018-03-22 11:49:53",299,209,67,"Деньги от iTunes",st,FromLikes,US,standalonetf,com.topface.topface.buy.likes.1
5611,45,"2018-03-21 11:58:19",117186138,"2018-03-17 09:55:09",31,"2018-03-25 17:03:08",306,155,147,Голоса,vk,,RU,topface,
597,12,"2018-03-28 02:59:40",117496827,"2018-03-28 02:59:40",3,"2018-03-28 19:28:06",500,485,68,"Деньги от Ninja",st,super_express_message,US,standalonetf,premium.pack7
,,,117510317,"2018-03-28 21:49:00",15,"2018-04-05 12:22:40",304,154,147,Голоса,vk,super_express_message,RU,topface,
,,,91210310,"2015-01-19 11:49:58",15,"2016-12-14 17:30:52",-1,2,0,"Деньги от FB",st,"REFUND Деньги от FB",RU,standalonetf,
,,,91210310,"2015-01-19 11:49:58",16,"2016-12-14 17:35:18",-4900,49,0,"Деньги от Ninja",st,"REFUND Деньги от Ninja",RU,standalonetf,
597,12,"2017-11-10 08:53:43",114497946,"2018-03-19 09:48:52",106,"2018-01-09 11:47:07",401,280,147,"Деньги от iTunes",ok,none,RU,standalonetf,com.topface.topface.premium.week.1
597,12,"2017-11-10 08:53:43",114497946,"2018-03-19 09:48:52",282,"2018-03-22 10:32:31",53,26,19,"Деньги от Одноклассников",ok,coins_popup_profile_menu,RU,standalonetf,coin.one
597,12,"2018-03-19 10:10:57",117232864,"2018-03-19 10:10:57",25,"2018-03-23 15:24:57",100,97,19,"Деньги от Payment Ninja",fb,autorefill,NG,standalonetf,pn.coins.6.1
597,12,"2018-03-29 00:19:13",117512732,"2018-03-29 00:19:12",29,"2018-04-01 18:38:48",306,195,19,"Деньги от SMS Online",fb,coinsPopupFrom51-1,RU,standalonetf,
,,,117454241,"2018-03-26 07:07:37",4,"2018-04-01 19:21:08",123,62,19,Голоса,vk,sympathy_access,RU,topface,coin.two
597,12,"2018-03-17 05:27:52",117183872,"2018-03-17 05:27:52",20,"2018-03-18 14:53:46",131,35,19,"Деньги от Fortumo (web)",st,coins_popup_navigation,MA,standalonetf,coin.one
597,12,"2018-03-10 22:00:23",117079122,"2018-03-10 22:00:23",17,"2018-03-10 22:31:35",100,97,127,"Деньги от Ninja",vk,sympathy_access,CA,topfacemobappandroid,coin.one
597,12,"2018-03-24 14:13:01",117421006,"2018-03-24 14:13:01",31,"2018-03-29 14:27:08",100,97,19,"Деньги от Ninja",st,sympathy_access,UA,standalonetf,coin.one
,,,117370568,"2018-03-22 21:44:17",6,"2018-03-23 13:45:45",123,62,19,Голоса,vk,sympathy_access,RU,topface,coin.two
597,12,"2018-03-18 03:25:53",117200444,"2018-03-18 03:25:53",9,"2018-03-21 08:04:17",516,307,19,"Деньги от PaymentWall (mobile)",vk,none,DE,topfacemobappandroid,com.topface.topface.buy.sms.coins.30
597,12,"2018-03-29 19:26:41",117527746,"2018-03-29 19:26:41",1,"2018-03-29 22:07:22",500,485,68,"Деньги от Ninja",st,super_from_side_menu,US,standalonetf,premium.pack7
597,12,"2017-11-10 08:53:43",114497946,"2018-03-19 09:48:52",287,"2018-03-22 10:33:38",158,79,67,"Деньги от Одноклассников",ok,how-get-popularity,RU,standalonetf,like.1
597,12,"2018-03-11 21:56:26",117092860,"2018-03-11 21:56:26",9,"2018-03-13 12:29:13",500,485,19,"Деньги от Ninja",st,coins_popup_profile_menu,UA,standalonetf,coin.two
3,5,"2018-03-13 20:21:32",117124426,"2018-03-13 20:21:32",4,"2018-03-14 13:35:35",308,299,68,"Деньги от Ninja",st,super_express_message,RU,standalonetf,premium.pack7
597,12,"2018-03-25 23:17:17",117449592,"2018-03-25 23:17:17",4,"2018-04-02 10:48:55",70,68,19,"Деньги от Ninja",fb,sympathy_access,RU,topfacemobappandroid,coin.one
597,12,"2017-11-10 08:53:43",114497946,"2018-03-19 09:48:52",68,"2017-12-05 13:32:48",153,149,67,"Деньги от Ninja",ok,how-get-popularity,RU,standalonetf,
,,,117483397,"2018-03-27 12:22:13",1,"2018-03-27 12:25:01",53,27,19,"Деньги от FB",fb,coins_popup_navigation,RU,topface,
3,5,"2018-03-24 19:20:39",117427340,"2018-03-24 19:20:39",7,"2018-03-31 08:22:28",305,296,19,"Деньги от Ninja",vk,sympathy_access,RU,standalonetf,coin.two
597,12,"2018-03-16 16:23:21",117173925,"2018-03-16 16:23:21",18,"2018-03-19 15:23:16",100,97,127,"Деньги от Ninja",st,super_popup_profile_menu,US,standalonetf,coin.one
,,,117329809,"2018-03-21 22:19:00",4,"2018-03-21 22:25:14",122,62,19,Голоса,vk,sympathy_access,RU,topface,coin.two
597,12,"2018-03-24 14:13:01",117421006,"2018-03-24 14:13:01",11,"2018-03-25 20:52:24",500,485,127,"Деньги от Ninja",st,sympathy_access,UA,standalonetf,coin.two
,,,117434387,"2018-03-25 02:58:47",18,"2018-03-25 20:17:25",122,62,19,Голоса,vk,coins_popup_navigation,UA,topfacemobappandroid,coin.two
597,12,"2018-03-24 22:40:54",117431252,"2018-03-24 22:40:54",11,"2018-03-25 22:26:59",70,60,19,"Деньги от Paymentwall (web)",st,coins_popup_navigation,RU,standalonetf,
,,,117392710,"2018-03-23 14:31:27",1,"2018-03-23 14:33:28",53,27,19,"Деньги от FB",fb,coins_popup_navigation,RU,topface,
,,,117180141,"2018-03-16 23:22:24",4,"2018-03-17 00:27:58",306,297,147,"Деньги от Payment Ninja",vk,LeftMenu,RU,topfacemobappandroid,pn.sub.vip.week.3
,,,117262011,"2018-03-20 11:51:50",1,"2018-03-20 11:53:21",17,8,57,"Деньги от Одноклассников",ok,offer_purchase_messenger,RU,topface,premium.1day_PUincrease
,,,117446138,"2018-03-25 20:03:45",34,"2018-03-29 17:10:01",52,26,19,"Деньги от Одноклассников",ok,coinsPopupFrom51-1,UA,topface,coin.one
,,,117074046,"2018-03-10 16:47:28",83,"2018-04-02 11:49:28",52,26,19,"Деньги от Одноклассников",ok,sympathy_access,RU,topface,coin.one
,,,117251578,"2018-03-20 01:28:07",25,"2018-03-28 15:15:03",304,295,68,"Деньги от Ninja",vk,coins_popup_57_3,RU,standalonetf,premium.pack7
597,12,"2018-03-17 22:20:34",117196612,"2018-03-17 22:20:33",17,"2018-03-19 02:29:41",81,20,19,"Деньги от Fortumo (web)",fb,sympathy_access,MX,standalonetf,coin.one
597,12,"2018-03-11 03:18:45",117083015,"2018-03-11 03:18:45",1,"2018-03-13 13:59:36",309,300,147,"Деньги от Payment Ninja",st,PopularUserBlockDialog,RU,standalonetf,pn.sub.vip.week.3
597,12,"2018-03-19 10:10:57",117232864,"2018-03-19 10:10:57",7,"2018-03-19 10:26:25",100,97,127,"Деньги от Ninja",fb,sympathy_access,NG,standalonetf,coin.one
597,12,"2018-03-17 19:40:43",117194094,"2018-03-17 19:40:43",13,"2018-03-21 19:50:38",120,45,19,"Деньги от Fortumo (web)",st,coinsPopupFrom51-1,HU,topfacemobappandroid,coin.one
597,12,"2018-03-16 16:23:21",117173925,"2018-03-16 16:23:21",22,"2018-03-19 15:23:28",100,97,127,"Деньги от Ninja",st,super_popup_profile_menu,US,standalonetf,coin.one
597,12,"2018-03-29 19:26:41",117527746,"2018-03-29 19:26:41",4,"2018-03-30 01:28:40",500,485,19,"Деньги от Ninja",st,coinsPopupFrom51-1,US,standalonetf,coin.two
,,,117310061,"2018-03-21 14:26:44",1,"2018-03-21 14:28:01",52,27,19,"Деньги от FB",fb,coins_popup_navigation,RU,topface,
597,12,"2018-03-20 10:35:18",117260638,"2018-03-20 10:35:18",7,"2018-03-20 11:23:58",69,44,19,"Деньги от SMS Online",st,sympathy_access,RU,standalonetf,
,,,117090472,"2018-03-11 18:03:44",5,"2018-03-17 20:48:18",87,43,57,"Деньги от Одноклассников",ok,superPopupFromBlockExpressMessages,RU,topface,premium.7day_PUincrease
597,12,"2018-03-27 20:51:16",117491624,"2018-03-27 20:51:15",3,"2018-03-27 21:25:58",70,56,19,"Деньги от Paymentwall (web)",mm,sympathy_access,RU,standalonetf,
597,12,"2017-11-10 08:53:43",114497946,"2018-03-19 09:48:52",211,"2018-01-26 15:56:49",54,27,19,"Деньги от Одноклассников",ok,coins_popup_profile_menu,RU,standalonetf,coin.one
597,12,"2018-03-16 14:16:00",117172291,"2018-03-16 14:16:00",18,"2018-03-17 00:02:17",123,119,19,"Деньги от Ninja",st,coinsPopupFrom51-1,FR,standalonetf,coin.one
597,12,"2018-03-24 20:24:56",117428646,"2018-03-24 20:24:55",7,"2018-03-26 22:04:54",305,296,19,"Деньги от Ninja",st,sympathy_access,RU,standalonetf,coin.two
597,12,"2018-03-14 18:23:27",117140556,"2018-03-14 18:23:27",15,"2018-03-19 06:01:14",70,67,127,"Деньги от Ninja",st,coinsPopupFrom51-1,RU,topfacemobappandroid,coin.one
597,12,"2018-03-18 22:33:39",117220821,"2018-03-18 22:33:39",6,"2018-03-28 18:27:07",303,245,19,"Деньги от SMS Online",st,coins_popup_navigation,RU,standalonetf,
597,12,"2018-03-20 10:35:18",117260638,"2018-03-20 10:35:18",26,"2018-03-22 14:49:55",70,45,19,"Деньги от SMS Online",st,sympathy_access,RU,standalonetf,
597,12,"2018-03-13 22:30:32",117126777,"2018-03-13 22:30:32",7,"2018-03-19 18:15:16",604,586,19,"Деньги от Ninja",fb,sympathy_access,RU,topfacemobappandroid,coin.three
597,12,"2018-03-29 00:19:13",117512732,"2018-03-29 00:19:12",7,"2018-03-30 20:45:35",70,44,19,"Деньги от SMS Online",fb,coinsPopupFrom51-1,RU,standalonetf,
,,,117382058,"2018-03-23 05:58:40",14,"2018-03-27 21:12:54",61,31,19,Голоса,vk,coins_popup_navigation,RU,topface,coin.one
597,12,"2018-03-19 10:10:57",117232864,"2018-03-19 10:10:57",3,"2018-03-19 10:25:29",100,97,19,"Деньги от Ninja",fb,sympathy_access,NG,standalonetf,coin.one
,,,117203461,"2018-03-18 08:26:56",6,"2018-03-18 09:47:34",500,485,68,"Деньги от Ninja",fb,super_from_side_menu,US,standalonetf,premium.pack7
,,,117074046,"2018-03-10 16:47:28",11,"2018-03-11 17:20:36",265,132,19,"Деньги от Одноклассников",ok,sympathy_access,RU,topface,coin.two
597,12,"2018-03-24 09:16:38",117415662,"2018-03-24 09:16:38",31,"2018-04-01 09:34:39",245,145,19,"Деньги от Fortumo (web)",st,sympathy_access,RU,standalonetf,coin.two
597,12,"2018-03-29 00:19:13",117512732,"2018-03-29 00:19:12",11,"2018-03-30 20:49:20",70,44,19,"Деньги от SMS Online",fb,coinsPopupFrom51-1,RU,standalonetf,
,,,117416496,"2018-03-24 10:01:05",19,"2018-04-01 16:37:05",306,155,147,Голоса,vk,sympathy_access,UA,topface,
597,12,"2018-03-19 10:10:57",117232864,"2018-03-19 10:10:57",18,"2018-03-19 10:27:31",100,97,127,"Деньги от Ninja",fb,sympathy_access,NG,standalonetf,coin.one
,,,117350558,"2018-03-22 09:11:10",35,"2018-03-24 20:37:53",61,31,19,Голоса,vk,coinsPopupFrom51-1,RU,topface,coin.one
,,,117548268,"2018-03-30 16:44:21",2,"2018-03-30 16:46:35",52,26,19,"Деньги от Одноклассников",ok,sympathy_access,RU,topface,coin.one
597,12,"2018-03-17 20:53:16",117195121,"2018-03-17 20:53:16",10,"2018-04-03 10:24:08",201,140,147,"Деньги от iTunes",fb,FromMenu,UG,topfacemobappios,com.topface.topface.premium.week.1
597,12,"2018-03-23 21:02:33",117402433,"2018-03-23 21:02:33",12,"2018-03-23 21:20:22",70,56,19,"Деньги от SMS Online",vk,sympathy_access,RU,topface,
597,12,"2018-03-28 05:03:14",117497768,"2018-03-28 05:03:14",7,"2018-03-29 00:36:44",303,294,68,"Деньги от Ninja",st,superPopupFromBlockExpressMessages,RU,standalonetf,premium.pack7
597,12,"2017-11-10 08:53:43",114497946,"2018-03-19 09:48:52",291,"2018-03-28 13:01:56",69,0,19,"Деньги от Paymentwall (web)",ok,coins_popup_profile_menu,RU,standalonetf,
597,12,"2018-03-19 22:05:13",117247834,"2018-03-19 22:05:13",5,"2018-03-22 22:28:27",799,559,147,"Деньги от iTunes",st,none,US,topfacemobappios,com.topface.topface.premium.trial.weekly.0799
,,,117214810,"2018-03-18 19:11:06",1,"2018-03-18 19:16:15",97,49,77,Голоса,vk,,RU,topface,bombmsg.bombmsg
597,12,"2018-03-24 00:23:53",117407355,"2018-03-24 00:23:53",1,"2018-03-24 00:42:39",500,485,68,"Деньги от Ninja",st,new_dating_block_write_message_from_search,US,standalonetf,premium.pack7
,,,117074046,"2018-03-10 16:47:28",38,"2018-03-14 22:02:49",87,43,57,"Деньги от Одноклассников",ok,super_express_message,RU,topface,premium.1
,,,117465932,"2018-03-26 19:01:32",29,"2018-03-31 05:11:05",611,309,19,Голоса,vk,sympathy_access,RU,topface,coin.150coins
,,,117067735,"2018-03-10 01:05:48",8,"2018-03-11 11:45:27",124,62,57,Голоса,vk,new_dating_block_write_message_from_search,RU,topface,premium.1
597,12,"2018-03-10 22:00:23",117079122,"2018-03-10 22:00:23",13,"2018-03-10 22:31:18",100,97,127,"Деньги от Ninja",vk,sympathy_access,CA,topfacemobappandroid,coin.one
,,,117168864,"2018-03-16 09:04:37",5,"2018-03-16 10:55:41",87,43,57,"Деньги от Одноклассников",ok,new_dating_block_write_message_from_search,AM,topface,premium.7day_PUincrease
597,12,"2018-03-17 05:27:52",117183872,"2018-03-17 05:27:52",4,"2018-03-17 05:40:24",131,35,19,"Деньги от Fortumo (web)",st,sympathy_access,MA,standalonetf,coin.one
597,12,"2018-03-11 21:05:39",117092310,"2018-03-11 21:05:39",21,"2018-03-19 20:28:53",121,61,19,Голоса,vk,sympathy_access,RU,topfacemobappandroid,coin.two
597,12,"2018-03-24 14:13:01",117421006,"2018-03-24 14:13:01",23,"2018-03-28 15:19:31",100,89,77,"Деньги от Paymentwall (web)",st,,UA,standalonetf,
597,12,"2018-03-21 13:23:05",117308254,"2018-03-21 13:23:05",5,"2018-03-29 10:30:07",911,637,147,"Деньги от Google Play",st,Visitors,BY,standalonetf,com.topface.topface.sub.vip.month.10
597,12,"2018-03-16 16:23:21",117173925,"2018-03-16 16:23:21",3,"2018-03-16 16:34:20",500,485,68,"Деньги от Ninja",st,super_popup_profile_menu,US,standalonetf,premium.pack7
597,12,"2018-03-28 15:35:41",117504456,"2018-03-28 15:35:41",2,"2018-03-28 17:39:58",619,601,68,"Деньги от Ninja",fb,super_from_side_menu,IT,standalonetf,premium.pack7
5611,45,"2018-03-21 11:58:19",117186138,"2018-03-17 09:55:09",39,"2018-04-01 17:03:08",306,155,147,Голоса,vk,,RU,topface,
,,,117220308,"2018-03-18 22:16:21",19,"2018-04-01 21:48:55",61,31,19,Голоса,vk,coinsPopupFrom51-1,RU,topface,coin.one
,,,117508406,"2018-03-28 20:00:25",4,"2018-04-02 22:08:48",172,120,147,"Деньги от Google Play",vk,PopularUserBlockDialog,RU,topfacemobappandroid,com.topface.topface.sub.vip.week.299.v1
597,12,"2018-03-12 15:01:49",117100101,"2018-03-12 15:01:48",10,"2018-03-16 16:07:19",70,67,19,"Деньги от Ninja",fb,coins_popup_navigation,RU,standalonetf,coin.one
597,12,"2018-03-27 01:32:37",117475396,"2018-03-27 01:32:37",4,"2018-03-27 02:24:43",306,297,19,"Деньги от Ninja",st,sympathy_access,RU,standalonetf,coin.two
597,12,"2018-03-13 12:00:21",117117386,"2018-03-13 12:00:21",5,"2018-03-13 15:57:55",88,52,19,"Деньги от Fortumo (web)",mm,coins_popup_navigation,RU,standalonetf,coin.one
597,12,"2018-03-11 21:05:39",117092310,"2018-03-11 21:05:39",26,"2018-03-20 20:32:24",304,154,147,Голоса,vk,sympathy_access,RU,topfacemobappandroid,
597,12,"2018-03-13 12:00:21",117117386,"2018-03-13 12:00:21",3,"2018-03-13 15:56:09",88,52,19,"Деньги от Fortumo (web)",mm,coins_popup_navigation,RU,standalonetf,coin.one
,,,117488094,"2018-03-27 17:42:21",15,"2018-03-29 15:06:18",260,130,57,"Деньги от Одноклассников",ok,super_popup_profile_menu,RU,topface,premium.7
597,12,"2017-11-10 08:53:43",114497946,"2018-03-19 09:48:52",71,"2017-12-05 14:50:36",85,42,57,"Деньги от Одноклассников",ok,super_popup_on_loss,RU,standalonetf,
597,12,"2018-03-16 16:21:25",117173898,"2018-03-16 16:21:25",5,"2018-03-16 19:03:22",69,56,19,"Деньги от Paymentwall (web)",fb,coins_popup_buy_leadership_from_ribbon,RU,standalonetf,
597,12,"2018-03-18 03:25:53",117200444,"2018-03-18 03:25:53",3,"2018-03-20 10:37:02",390,183,19,"Деньги от PaymentWall (mobile)",vk,none,DE,topfacemobappandroid,com.topface.topface.buy.sms.coins.22
,,,117159861,"2018-03-15 19:48:48",7,"2018-03-18 11:21:25",122,62,57,Голоса,vk,super_express_message,RU,topface,premium.1
597,12,"2018-03-18 13:34:48",117208039,"2018-03-18 13:34:48",45,"2018-03-31 18:34:30",70,68,19,"Деньги от Ninja",vk,sympathy_access,RU,topfacemobappandroid,coin.one
,,,117488094,"2018-03-27 17:42:21",3,"2018-03-27 17:54:13",17,8,57,"Деньги от Одноклассников",ok,offer_purchase_messenger,RU,topface,premium.1day_PUincrease
,,,117078417,"2018-03-10 21:17:52",18,"2018-03-13 17:16:05",123,62,57,Голоса,vk,super_express_message,RU,topface,premium.1
,,,117174470,"2018-03-16 17:04:53",29,"2018-03-17 18:24:19",52,26,19,"Деньги от Одноклассников",ok,coins_popup_navigation,RU,topface,coin.one
597,12,"2018-03-28 03:17:15",117496965,"2018-03-28 03:17:15",3,"2018-04-02 16:29:35",1000,970,19,"Деньги от Ninja",fb,sympathy_access,AE,standalonetf,coin.three
597,12,"2018-03-26 00:04:53",117450483,"2018-03-26 00:04:53",1,"2018-03-26 00:07:40",1000,970,68,"Деньги от Ninja",st,super_popup_profile_menu,GE,topfacemobappios,premium.pack30
597,12,"2018-03-17 05:27:52",117183872,"2018-03-17 05:27:52",9,"2018-03-17 05:41:56",131,35,19,"Деньги от Fortumo (web)",st,sympathy_access,MA,standalonetf,coin.one
,,,91210310,"2015-01-19 11:49:58",14,"2016-12-14 16:16:18",-17,11,0,"Деньги от PaymentWall (mobile)",st,"REFUND Деньги от PaymentWall (mobile)",RU,standalonetf,
597,12,"2018-03-16 19:27:27",117176355,"2018-03-16 19:27:27",11,"2018-03-18 19:11:19",487,246,147,Голоса,vk,super_popup_adv_widget,RU,topface,
5859,47,"2018-03-26 07:52:55",117454762,"2018-03-26 07:52:54",28,"2018-03-27 07:10:37",306,247,19,"Деньги от SMS Online",ok,sympathy_access,RU,standalonetf,
,,,117355331,"2018-03-22 12:33:17",22,"2018-04-01 11:43:05",306,155,147,Голоса,vk,,RU,topface,
,,,117449475,"2018-03-25 23:11:36",19,"2018-04-02 00:22:09",123,62,57,Голоса,vk,superPopupFromBlockExpressMessages,RU,topface,premium.1
597,12,"2018-03-21 18:54:57",117318652,"2018-03-21 18:54:57",6,"2018-03-30 16:06:08",305,256,19,"Деньги от Paymentwall (web)",st,coins_popup_navigation,RU,standalonetf,
,,,117442801,"2018-03-25 16:39:34",5,"2018-03-25 18:32:43",61,31,19,Голоса,vk,sympathy_access,RU,topface,coin.one
,,,117250536,"2018-03-20 00:23:19",5,"2018-03-20 20:32:38",52,26,19,"Деньги от Одноклассников",ok,sympathy_access,RU,topface,coin.one
597,12,"2018-03-29 03:37:13",117514358,"2018-03-29 03:37:13",20,"2018-03-29 04:30:29",100,97,127,"Деньги от Ninja",st,coins_popup_navigation,PT,standalonetf,coin.one
,,,117074046,"2018-03-10 16:47:28",34,"2018-03-13 17:12:41",53,26,19,"Деньги от Одноклассников",ok,coins_widget_57_3,RU,topface,coin.one
,,,117074046,"2018-03-10 16:47:28",70,"2018-03-29 23:05:00",52,26,19,"Деньги от Одноклассников",ok,coins_popup_gift,RU,topface,coin.one
597,12,"2018-03-10 21:08:10",117078247,"2018-03-10 21:08:10",1,"2018-03-10 22:11:10",309,300,68,"Деньги от Ninja",st,new_dating_block_write_message_from_search,RU,standalonetf,premium.pack7
,,,117134709,"2018-03-14 11:15:35",1,"2018-03-25 22:13:47",87,43,57,"Деньги от Одноклассников",ok,super_from_side_menu,RU,topface,premium.7day_PUincrease
597,12,"2018-03-16 19:27:27",117176355,"2018-03-16 19:27:27",17,"2018-03-19 18:17:04",604,306,19,Голоса,vk,coins_popup_navigation,RU,topface,coin.150coins
,,,117548268,"2018-03-30 16:44:21",21,"2018-04-04 17:42:23",260,130,19,"Деньги от Одноклассников",ok,coinsPopupFrom51-1,RU,topface,coin.two
,,,117355331,"2018-03-22 12:33:17",11,"2018-03-25 11:53:40",122,62,19,Голоса,vk,sympathy_access,RU,topface,coin.two
597,12,"2018-03-24 10:47:18",117417268,"2018-03-24 10:47:18",7,"2018-03-24 18:22:06",99,26,19,"Деньги от Fortumo (web)",st,coinsPopupFrom51-1,KE,standalonetf,coin.one
,,,117349709,"2018-03-22 08:36:09",20,"2018-03-27 18:20:25",306,297,68,"Деньги от Ninja",vk,superPopupFromExperiment57-2BlockDialog,RU,standalonetf,premium.pack7
,,,117465932,"2018-03-26 19:01:32",50,"2018-04-03 12:20:28",609,308,19,Голоса,vk,sympathy_access,RU,topface,coin.150coins
597,12,"2018-03-19 09:41:17",117232383,"2018-03-19 09:41:16",19,"2018-03-20 12:46:28",520,308,19,"Деньги от Fortumo (web)",mm,sympathy_access,RU,standalonetf,coin.three
597,12,"2018-03-18 22:42:34",117221042,"2018-03-18 22:42:34",5,"2018-03-18 23:22:49",132,31,19,"Деньги от Fortumo (web)",fb,sympathy_access,BY,standalonetf,coin.one
,,,117074046,"2018-03-10 16:47:28",3,"2018-03-10 16:49:56",53,26,19,"Деньги от Одноклассников",ok,sympathy_access,RU,topface,coin.one
,,,117074046,"2018-03-10 16:47:28",68,"2018-03-27 23:56:07",87,43,57,"Деньги от Одноклассников",ok,new_dating_block_write_message_from_search,RU,topface,premium.1
,,,117370568,"2018-03-22 21:44:17",9,"2018-03-23 15:20:46",306,155,147,Голоса,vk,super_express_message,RU,topface,
597,12,"2018-03-29 00:19:13",117512732,"2018-03-29 00:19:12",2,"2018-03-30 13:17:14",1568,996,57,"Деньги от SMS Online",fb,super_popup_adv_widget,RU,standalonetf,
597,12,"2018-03-29 03:37:13",117514358,"2018-03-29 03:37:13",5,"2018-03-29 04:15:42",100,97,19,"Деньги от Ninja",st,coins_popup_navigation,PT,standalonetf,coin.one
597,12,"2018-03-24 15:47:10",117422852,"2018-03-24 15:47:10",8,"2018-03-31 17:07:03",70,59,19,"Деньги от Paymentwall (web)",fb,sympathy_access,RU,standalonetf,
5611,45,"2018-03-21 11:58:19",117186138,"2018-03-17 09:55:09",28,"2018-03-24 11:38:24",24,12,77,Голоса,vk,,RU,topface,bombmsg.bombmsg
597,12,"2017-11-10 08:53:43",114497946,"2018-03-19 09:48:52",70,"2017-12-05 14:48:45",85,42,57,"Деньги от Одноклассников",ok,super_popup_adv_widget,RU,standalonetf,
597,12,"2018-03-18 03:25:53",117200444,"2018-03-18 03:25:53",16,"2018-03-22 16:24:09",617,383,19,"Деньги от Fortumo (web)",vk,coinsPopupFrom51-1,DE,topfacemobappandroid,coin.two
597,12,"2018-03-13 00:13:50",117110975,"2018-03-13 00:13:50",15,"2018-03-15 19:17:40",70,44,19,"Деньги от SMS Online",st,coinsPopupFrom51-1,RU,standalonetf,
,,,117074046,"2018-03-10 16:47:28",47,"2018-03-18 11:27:43",52,26,19,"Деньги от Одноклассников",ok,coins_widget_57_3,RU,topface,coin.one
597,12,"2018-03-27 18:02:14",117488406,"2018-03-27 18:02:14",4,"2018-03-27 18:21:51",234,15,19,"Деньги от PaymentWall (mobile)",vk,none,BY,topface,com.topface.topface.buy.sms.coins.8
597,12,"2018-03-12 15:01:49",117100101,"2018-03-12 15:01:48",6,"2018-03-15 13:19:47",307,298,19,"Деньги от Ninja",fb,coins_popup_navigation,RU,standalonetf,coin.two
597,12,"2018-03-17 19:40:43",117194094,"2018-03-17 19:40:43",8,"2018-03-21 00:04:09",510,138,68,"Деньги от PaymentWall (mobile)",st,none,HU,topfacemobappandroid,com.topface.topface.buy.sms.vip.day.10
597,12,"2018-03-29 23:28:01",117534129,"2018-03-29 23:28:01",2,"2018-03-29 23:36:13",70,39,19,"Деньги от SMS Online",st,coins_popup_navigation,RU,standalonetf,
597,12,"2018-03-27 01:11:12",117475095,"2018-03-27 01:11:12",5,"2018-04-01 00:35:00",613,389,57,"Деньги от SMS Online",st,super_from_side_menu,RU,standalonetf,
597,12,"2018-03-14 18:23:27",117140556,"2018-03-14 18:23:27",21,"2018-03-19 06:02:18",70,67,127,"Деньги от Ninja",st,coinsPopupFrom51-1,RU,topfacemobappandroid,coin.one
597,12,"2018-03-18 13:34:48",117208039,"2018-03-18 13:34:48",4,"2018-03-18 13:52:22",304,295,19,"Деньги от Ninja",vk,sympathy_access,RU,topfacemobappandroid,coin.two
597,12,"2017-11-10 08:53:43",114497946,"2018-03-19 09:48:52",67,"2017-12-05 13:31:18",298,289,68,"Деньги от Ninja",ok,super_from_side_menu,RU,standalonetf,
,,,117099741,"2018-03-12 14:36:10",14,"2018-03-22 02:00:36",369,187,19,Голоса,vk,coins_popup_profile_menu,RU,standalonetf,coin.three
597,12,"2018-03-17 19:40:43",117194094,"2018-03-17 19:40:43",11,"2018-03-21 19:49:12",120,45,19,"Деньги от Fortumo (web)",st,coinsPopupFrom51-1,HU,topfacemobappandroid,coin.one
597,12,"2018-03-28 12:11:04",117501872,"2018-03-28 12:11:04",3,"2018-03-28 12:21:51",500,485,19,"Деньги от Ninja",st,sympathy_access,ZA,standalonetf,coin.two
597,12,"2018-03-26 05:08:52",117453304,"2018-03-26 05:08:52",1,"2018-03-26 05:21:51",915,640,147,"Деньги от Google Play",st,ownProfile,CY,topfacemobappandroid,com.topface.topface.sub.vip.month.10
597,12,"2018-03-17 12:14:01",117187750,"2018-03-17 12:14:00",11,"2018-03-24 19:42:18",1000,970,68,"Деньги от Ninja",fb,super_express_message,DO,standalonetf,premium.pack30
,,,117350558,"2018-03-22 09:11:10",10,"2018-03-22 13:20:37",62,31,19,Голоса,vk,sympathy_access,RU,topface,coin.one
597,12,"2018-03-12 13:30:43",117098807,"2018-03-12 13:30:43",12,"2018-03-16 18:19:09",69,67,127,"Деньги от Ninja",vk,sympathy_access,RU,standalonetf,coin.one
597,12,"2018-03-24 10:47:18",117417268,"2018-03-24 10:47:18",11,"2018-03-24 18:25:40",99,26,19,"Деньги от Fortumo (web)",st,coinsPopupFrom51-1,KE,standalonetf,coin.one
5611,45,"2018-03-21 11:58:19",117186138,"2018-03-17 09:55:09",20,"2018-03-24 11:28:09",122,62,19,Голоса,vk,coins_popup_57_3,RU,topface,coin.two
,,,117074046,"2018-03-10 16:47:28",22,"2018-03-12 18:08:07",88,44,57,"Деньги от Одноклассников",ok,new_dating_block_write_message_from_search,RU,topface,premium.1
597,12,"2018-03-16 16:23:21",117173925,"2018-03-16 16:23:21",5,"2018-03-18 13:53:09",100,97,127,"Деньги от Ninja",st,super_popup_profile_menu,US,standalonetf,coin.one
,,,117092298,"2018-03-11 21:03:53",12,"2018-03-18 10:20:00",100,97,19,"Деньги от Ninja",fb,coins_popup_navigation,BY,standalonetf,coin.one
,,,117143288,"2018-03-14 20:58:28",3,"2018-03-14 21:42:41",17,8,57,"Деньги от Одноклассников",ok,new_dating_block_write_message_from_search,BY,topface,premium.1day_PUincrease
,,,117432445,"2018-03-24 23:56:28",17,"2018-03-27 20:02:22",122,62,57,Голоса,vk,superPopupFromBlockExpressMessages,RU,topface,premium.1
597,12,"2018-03-26 02:15:57",117452013,"2018-03-26 02:15:57",4,"2018-03-29 23:40:35",500,485,19,"Деньги от Ninja",st,sympathy_access,US,standalonetf,coin.two
597,12,"2017-11-10 08:53:43",114497946,"2018-03-19 09:48:52",72,"2017-12-05 14:51:11",51,25,19,"Деньги от Одноклассников",ok,coins_popup_navigation,RU,standalonetf,
597,12,"2018-03-18 03:25:53",117200444,"2018-03-18 03:25:53",23,"2018-03-26 03:01:29",914,639,146,"Деньги от Google Play",vk,EmptyLikes,DE,topfacemobappandroid,com.topface.topface.sub.coins.month.100.10
597,12,"2017-11-10 08:53:43",114497946,"2018-03-19 09:48:52",259,"2018-03-07 16:55:23",53,26,19,"Деньги от Одноклассников",ok,coins_popup_profile_menu,RU,standalonetf,coin.one
597,12,"2018-03-28 02:59:40",117496827,"2018-03-28 02:59:40",6,"2018-03-28 20:32:02",500,485,19,"Деньги от Ninja",st,super_express_message,US,standalonetf,coin.two
597,12,"2018-03-16 14:16:00",117172291,"2018-03-16 14:16:00",11,"2018-03-16 14:30:31",616,597,19,"Деньги от Ninja",st,sympathy_access,FR,standalonetf,coin.two
,,,117432445,"2018-03-24 23:56:28",21,"2018-03-30 19:51:25",122,62,57,Голоса,vk,superPopupFromBlockExpressMessages,RU,topface,premium.1
,,,117152532,"2018-03-15 10:09:53",27,"2018-04-04 19:34:22",52,26,19,"Деньги от Одноклассников",ok,sympathy_access,RU,topface,coin.one
597,12,"2018-03-23 21:39:14",117403423,"2018-03-23 21:39:14",3,"2018-03-28 22:29:50",304,295,147,"Деньги от Payment Ninja",st,promo.key31,RU,topfacemobappandroid,pn.sub.vip.week.3
597,12,"2018-03-17 14:29:58",117189539,"2018-03-17 14:29:58",4,"2018-03-18 15:31:53",304,295,19,"Деньги от Ninja",st,coinsPopupFrom51-1,RU,standalonetf,coin.two
597,12,"2018-03-27 18:13:24",117488577,"2018-03-27 18:13:23",9,"2018-03-29 20:11:57",2699,1889,147,"Деньги от iTunes",fb,FromMenu,US,topfacemobappios,com.topface.topface.premium.month.3
597,12,"2018-03-27 01:32:37",117475396,"2018-03-27 01:32:37",2,"2018-03-27 02:24:03",306,297,68,"Деньги от Ninja",st,super_from_side_menu,RU,standalonetf,premium.pack7
,,,117456932,"2018-03-26 10:51:09",6,"2018-04-05 11:17:39",17,8,57,"Деньги от Одноклассников",ok,superPopupFromExperiment57-2BlockPopup,GE,topface,premium.1day_PUincrease
597,12,"2018-03-16 14:16:00",117172291,"2018-03-16 14:16:00",2,"2018-03-16 14:27:19",123,119,19,"Деньги от Ninja",st,sympathy_access,FR,standalonetf,coin.one
,,,117488094,"2018-03-27 17:42:21",12,"2018-03-28 04:15:48",52,26,19,"Деньги от Одноклассников",ok,coinsPopupFrom51-1,RU,topface,coin.one
,,,117074046,"2018-03-10 16:47:28",44,"2018-03-17 16:16:06",87,43,57,"Деньги от Одноклассников",ok,super_express_message,RU,topface,premium.1
597,12,"2018-03-29 03:37:13",117514358,"2018-03-29 03:37:13",29,"2018-03-30 01:43:42",123,119,19,"Деньги от Ninja",st,coinsPopupFrom51-1,PT,standalonetf,coin.one
597,12,"2018-03-20 10:35:18",117260638,"2018-03-20 10:35:18",23,"2018-03-22 14:45:07",616,391,57,"Деньги от SMS Online",st,super_from_side_menu,RU,standalonetf,
,,,117132422,"2018-03-14 07:33:18",14,"2018-03-15 20:54:36",122,62,57,Голоса,vk,superPopupFromBlockExpressMessages,RU,topface,premium.1
597,12,"2018-03-20 10:35:18",117260638,"2018-03-20 10:35:18",13,"2018-03-20 11:54:17",303,192,19,"Деньги от SMS Online",st,sympathy_access,RU,standalonetf,
,,,117099741,"2018-03-12 14:36:10",17,"2018-03-22 02:13:48",62,31,67,Голоса,vk,how-get-popularity,RU,standalonetf,like.1
,,,117465932,"2018-03-26 19:01:32",13,"2018-03-27 14:00:33",306,155,147,Голоса,vk,superPopupFromBlockExpressMessages,RU,topface,
,,,117317698,"2018-03-21 18:30:42",2,"2018-03-21 18:53:27",17,8,57,"Деньги от Одноклассников",ok,new_dating_block_write_message_from_search,AM,topface,premium.1day_PUincrease
597,12,"2017-11-10 08:53:43",114497946,"2018-03-19 09:48:52",90,"2017-12-12 13:12:17",389,272,147,"Деньги от iTunes",ok,PopularUserChatBlock,RU,standalonetf,com.topface.topface.premium.week.1
597,12,"2018-03-24 14:13:01",117421006,"2018-03-24 14:13:01",17,"2018-03-27 15:11:29",500,485,19,"Деньги от Ninja",st,sympathy_access,UA,standalonetf,coin.two
597,12,"2018-03-14 18:23:27",117140556,"2018-03-14 18:23:27",12,"2018-03-19 06:01:12",70,67,19,"Деньги от Ninja",st,coinsPopupFrom51-1,RU,topfacemobappandroid,coin.one
597,12,"2018-03-11 21:56:26",117092860,"2018-03-11 21:56:26",7,"2018-03-12 17:30:45",1000,970,68,"Деньги от Ninja",st,superPopupFromBlockExpressMessages,UA,standalonetf,premium.pack30
,,,117158999,"2018-03-15 18:51:34",2,"2018-03-15 19:03:22",314,157,57,"Деньги от Одноклассников",ok,super_from_side_menu,BY,topface,premium.30days_PUincrease
,,,117174470,"2018-03-16 17:04:53",12,"2018-03-17 17:22:11",52,26,19,"Деньги от Одноклассников",ok,coinsPopupFrom51-1,RU,topface,coin.one
597,12,"2017-11-10 08:53:43",114497946,"2018-03-19 09:48:52",232,"2018-02-08 11:18:46",69,0,19,"Деньги от Paymentwall (web)",ok,coins_popup_profile_menu,RU,standalonetf,
597,12,"2018-03-26 05:08:52",117453304,"2018-03-26 05:08:52",2,"2018-03-26 05:28:14",458,320,146,"Деньги от Google Play",st,AdToPhotoBlog,CY,topfacemobappandroid,com.topface.topface.sub.coins.month.40.5
,,,117416496,"2018-03-24 10:01:05",12,"2018-03-25 18:26:50",122,62,19,Голоса,vk,sympathy_access,UA,topface,coin.two
,,,117218737,"2018-03-18 21:27:17",6,"2018-03-23 17:13:19",52,26,19,"Деньги от Одноклассников",ok,sympathy_access,RU,topface,coin.one
597,12,"2018-03-19 09:41:17",117232383,"2018-03-19 09:41:16",10,"2018-03-20 10:04:27",87,51,19,"Деньги от Fortumo (web)",mm,sympathy_access,RU,standalonetf,coin.one
,,,117480580,"2018-03-27 08:47:04",3,"2018-03-27 09:30:43",61,31,19,Голоса,vk,coins_popup_buy_leadership_from_ribbon,RU,topface,coin.one
,,,117074046,"2018-03-10 16:47:28",97,"2018-04-03 21:20:20",87,43,57,"Деньги от Одноклассников",ok,new_dating_block_write_message_from_search,RU,topface,premium.1
597,12,"2017-11-10 08:53:43",114497946,"2018-03-19 09:48:52",107,"2018-01-18 10:21:32",616,0,57,"Деньги от Paymentwall (web)",ok,super_from_side_menu,RU,standalonetf,
,,,117074046,"2018-03-10 16:47:28",40,"2018-03-15 12:03:15",53,26,19,"Деньги от Одноклассников",ok,coins_widget_57_3,RU,topface,coin.one
597,12,"2018-03-12 13:30:43",117098807,"2018-03-12 13:30:43",17,"2018-03-16 18:21:20",69,67,19,"Деньги от Ninja",vk,sympathy_access,RU,standalonetf,coin.one
,,,117446138,"2018-03-25 20:03:45",50,"2018-03-31 19:14:31",52,26,19,"Деньги от Одноклассников",ok,coinsPopupFrom51-1,UA,topface,coin.one
597,12,"2018-03-29 03:37:13",117514358,"2018-03-29 03:37:13",22,"2018-03-29 04:30:33",100,97,127,"Деньги от Ninja",st,coins_popup_navigation,PT,standalonetf,coin.one
,,,117074046,"2018-03-10 16:47:28",53,"2018-03-18 21:17:56",87,43,57,"Деньги от Одноклассников",ok,new_dating_block_write_message_from_search,RU,topface,premium.1
,,,117074046,"2018-03-10 16:47:28",50,"2018-03-18 15:16:48",261,130,19,"Деньги от Одноклассников",ok,coins_popup_navigation,RU,topface,coin.two
,,,117074046,"2018-03-10 16:47:28",61,"2018-03-24 13:02:54",87,43,57,"Деньги от Одноклассников",ok,superPopupFromBlockExpressMessages,RU,topface,premium.1
,,,117395346,"2018-03-23 16:22:31",6,"2018-03-23 18:06:12",61,31,19,Голоса,vk,sympathy_access,RU,topface,coin.one
597,12,"2018-03-12 03:34:42",117095376,"2018-03-12 03:34:42",38,"2018-03-24 09:36:19",679,475,19,"Деньги от iTunes",st,FromLikes,LV,topfacemobappios,com.topface.topface.buy.coins.40
,,,117320336,"2018-03-21 19:29:02",1,"2018-03-21 19:31:35",52,27,19,"Деньги от FB",fb,coins_popup_navigation,RU,topface,
597,12,"2018-03-11 21:05:39",117092310,"2018-03-11 21:05:39",11,"2018-03-13 20:32:24",307,155,147,Голоса,vk,super_express_message,RU,topfacemobappandroid,
597,12,"2018-03-24 09:16:38",117415662,"2018-03-24 09:16:38",23,"2018-03-27 09:10:47",245,145,19,"Деньги от Fortumo (web)",st,sympathy_access,RU,standalonetf,coin.two
597,12,"2018-03-11 21:56:26",117092860,"2018-03-11 21:56:26",3,"2018-03-12 13:48:47",500,485,19,"Деньги от Ninja",st,coins_popup_navigation,UA,standalonetf,coin.two
,,,117074046,"2018-03-10 16:47:28",78,"2018-04-01 23:59:03",53,26,19,"Деньги от Одноклассников",ok,coins_popup_navigation,RU,topface,coin.one
597,12,"2018-03-13 18:42:14",117122645,"2018-03-13 18:42:14",8,"2018-03-13 19:23:09",100,97,127,"Деньги от Ninja",st,sympathy_access,NG,standalonetf,coin.one
,,,117220308,"2018-03-18 22:16:21",4,"2018-04-01 18:55:28",123,62,57,Голоса,vk,superPopupFromBlockExpressMessages,RU,topface,premium.1
597,12,"2018-03-27 23:49:39",117495029,"2018-03-27 23:49:39",3,"2018-03-28 00:43:12",500,485,19,"Деньги от Ninja",st,sympathy_access,US,standalonetf,coin.two
597,12,"2018-03-26 14:25:39",117460071,"2018-03-26 14:25:39",1,"2018-03-26 14:33:58",614,490,57,"Деньги от Paymentwall (web)",vk,new_dating_block_write_message_from_search,UA,standalonetf,
597,12,"2017-11-10 08:53:43",114497946,"2018-03-19 09:48:52",300,"2018-04-03 15:06:10",70,67,19,"Деньги от Ninja",ok,coins_popup_profile_menu,RU,standalonetf,coin.one
597,12,"2018-03-25 00:52:08",117433129,"2018-03-25 00:52:08",1,"2018-03-25 01:19:16",569,398,147,"Деньги от Google Play",st,LeftMenu,TR,topfacemobappandroid,com.topface.topface.sub.vip.month.10
597,12,"2018-03-11 17:17:58",117090031,"2018-03-11 17:17:58",3,"2018-03-15 18:10:54",611,493,57,"Деньги от SMS Online",vk,superPopupFromBlockExpressMessages,RU,standalonetf,
597,12,"2018-03-12 15:01:49",117100101,"2018-03-12 15:01:48",13,"2018-03-16 16:12:04",70,67,127,"Деньги от Ninja",fb,coins_popup_navigation,RU,standalonetf,coin.one
597,12,"2018-03-28 05:03:14",117497768,"2018-03-28 05:03:14",4,"2018-03-28 21:22:48",303,244,19,"Деньги от Paymentwall (web)",st,sympathy_access,RU,standalonetf,
,,,117434387,"2018-03-25 02:58:47",26,"2018-03-27 17:08:07",61,31,19,Голоса,vk,coins_popup_navigation,UA,topfacemobappandroid,coin.one
,,,117355331,"2018-03-22 12:33:17",9,"2018-03-25 11:42:34",306,155,147,Голоса,vk,superPopupFromBlockExpressMessages,RU,topface,
597,12,"2018-03-12 03:34:42",117095376,"2018-03-12 03:34:42",25,"2018-03-19 19:21:15",1352,946,19,"Деньги от iTunes",st,FromLikes,LV,topfacemobappios,com.topface.topface.buy.coins.100
597,12,"2018-03-12 03:34:42",117095376,"2018-03-12 03:34:42",7,"2018-03-12 20:14:31",1230,508,57,"Деньги от Fortumo (web)",st,superPopupFromBlockExpressMessages,LV,topfacemobappios,premium.7
597,12,"2018-03-17 22:20:34",117196612,"2018-03-17 22:20:33",5,"2018-03-18 07:18:31",150,108,19,"Деньги от PaymentWall (mobile)",fb,none,MX,standalonetf,com.topface.topface.buy.coins.6
,,,117067735,"2018-03-10 01:05:48",13,"2018-03-11 13:23:46",161,81,77,Голоса,vk,,RU,topface,bombmsg.bombmsg
597,12,"2018-03-18 13:34:48",117208039,"2018-03-18 13:34:48",19,"2018-03-21 10:28:34",70,67,127,"Деньги от Ninja",vk,coins_popup_navigation,RU,topfacemobappandroid,coin.one
597,12,"2018-03-29 00:19:13",117512732,"2018-03-29 00:19:12",22,"2018-03-31 12:56:36",70,44,19,"Деньги от SMS Online",fb,sympathy_access,RU,standalonetf,
,,,117191687,"2018-03-17 17:01:17",7,"2018-03-20 16:00:50",87,43,57,"Деньги от Одноклассников",ok,super_express_message,KZ,topface,premium.1
597,12,"2018-03-27 19:04:43",117489465,"2018-03-27 19:04:43",6,"2018-03-27 19:30:56",306,297,19,"Деньги от Ninja",mm,sympathy_access,RU,standalonetf,coin.two
597,12,"2018-03-11 17:17:58",117090031,"2018-03-11 17:17:58",12,"2018-03-22 08:00:38",307,248,19,"Деньги от SMS Online",vk,coins_popup_57_3,RU,standalonetf,
,,,117074046,"2018-03-10 16:47:28",87,"2018-04-02 14:47:58",52,26,19,"Деньги от Одноклассников",ok,sympathy_access,RU,topface,coin.one
597,12,"2017-11-10 08:53:43",114497946,"2018-03-19 09:48:52",36,"2017-11-22 11:24:56",51,25,19,"Деньги от Одноклассников",ok,coins_popup_navigation,RU,standalonetf,
597,12,"2018-03-26 00:04:53",117450483,"2018-03-26 00:04:53",3,"2018-03-26 00:16:26",500,485,19,"Деньги от Ninja",st,sympathy_access,GE,topfacemobappios,coin.two
597,12,"2018-03-27 18:13:24",117488577,"2018-03-27 18:13:23",17,"2018-03-30 16:40:33",2499,1749,19,"Деньги от iTunes",fb,FromLikes,US,topfacemobappios,com.topface.topface.buy.coins.300
,,,117086432,"2018-03-11 11:00:07",14,"2018-03-22 10:29:53",123,62,57,Голоса,vk,superPopupFromBlockExpressMessages,RU,topface,premium.1
,,,117074046,"2018-03-10 16:47:28",65,"2018-03-26 22:32:40",87,43,57,"Деньги от Одноклассников",ok,new_dating_block_write_message_from_search,RU,topface,premium.1
597,12,"2018-03-19 09:41:17",117232383,"2018-03-19 09:41:16",4,"2018-03-20 09:53:44",87,51,19,"Деньги от Fortumo (web)",mm,sympathy_access,RU,standalonetf,coin.one
597,12,"2018-03-15 22:19:20",117162568,"2018-03-15 22:19:19",2,"2018-03-21 22:11:06",305,296,68,"Деньги от Ninja",fb,superPopupFromBlockExpressMessages,RU,topfacemobappandroid,premium.pack7
,,,117387612,"2018-03-23 10:31:23",6,"2018-03-23 10:56:05",52,26,19,"Деньги от Одноклассников",ok,sympathy_access,RU,topface,coin.one
597,12,"2018-03-29 03:37:13",117514358,"2018-03-29 03:37:13",32,"2018-03-30 01:43:47",123,119,127,"Деньги от Ninja",st,coinsPopupFrom51-1,PT,standalonetf,coin.one
597,12,"2018-03-14 16:15:46",117138494,"2018-03-14 16:15:46",5,"2018-03-31 09:02:09",122,62,19,Голоса,vk,sympathy_access,UA,topface,coin.two
597,12,"2018-03-18 22:33:39",117220821,"2018-03-18 22:33:39",1,"2018-03-26 18:28:20",614,496,57,"Деньги от SMS Online",st,superPopupFromBlockExpressMessages,RU,standalonetf,
597,12,"2018-03-18 13:34:48",117208039,"2018-03-18 13:34:48",50,"2018-03-31 18:34:53",70,68,127,"Деньги от Ninja",vk,coins_popup_navigation,RU,topfacemobappandroid,coin.one
597,12,"2018-03-16 20:38:11",117177448,"2018-03-16 20:38:11",15,"2018-03-30 22:59:43",999,699,147,"Деньги от iTunes",fb,VipDelivery,IR,topfacemobappios,com.topface.topface.premium.month.1
,,,117432445,"2018-03-24 23:56:28",31,"2018-04-03 23:36:47",121,61,19,Голоса,vk,sympathy_access,RU,topface,coin.two
597,12,"2017-11-10 08:53:43",114497946,"2018-03-19 09:48:52",65,"2017-12-05 13:30:52",68,66,19,"Деньги от Ninja",ok,coins_popup_navigation,RU,standalonetf,
597,12,"2017-11-10 08:53:43",114497946,"2018-03-19 09:48:52",105,"2018-01-09 11:44:09",401,280,147,"Деньги от iTunes",ok,none,RU,standalonetf,com.topface.topface.premium.week.1
,,,117152532,"2018-03-15 10:09:53",14,"2018-03-15 10:50:09",53,26,19,"Деньги от Одноклассников",ok,coins_popup_navigation,RU,topface,coin.one
597,12,"2018-03-10 22:00:23",117079122,"2018-03-10 22:00:23",9,"2018-03-10 22:31:11",100,97,19,"Деньги от Ninja",vk,sympathy_access,CA,topfacemobappandroid,coin.one
597,12,"2018-03-16 20:38:11",117177448,"2018-03-16 20:38:11",7,"2018-03-26 20:13:14",499,349,19,"Деньги от iTunes",fb,FromLikes,IR,topfacemobappios,com.topface.topface.buy.coins.40
597,12,"2018-03-18 13:34:48",117208039,"2018-03-18 13:34:48",12,"2018-03-21 10:28:13",70,67,19,"Деньги от Ninja",vk,sympathy_access,RU,topfacemobappandroid,coin.one
597,12,"2018-03-28 02:59:40",117496827,"2018-03-28 02:59:40",10,"2018-03-28 20:39:49",100,97,19,"Деньги от Ninja",st,sympathy_access,US,standalonetf,coin.one
597,12,"2018-03-30 15:09:36",117546760,"2018-03-30 15:09:36",2,"2018-03-31 09:34:43",500,485,68,"Деньги от Ninja",st,super_popup_adv_widget,AZ,standalonetf,premium.pack7
,,,117143648,"2018-03-14 21:17:26",9,"2018-03-18 19:29:30",17,8,57,"Деньги от Одноклассников",ok,super_popup_profile_menu,RU,topface,premium.1day_PUincrease
,,,117382058,"2018-03-23 05:58:40",12,"2018-03-27 21:09:24",122,62,57,Голоса,vk,super_express_message,RU,topface,premium.1
,,,117206672,"2018-03-18 12:11:35",6,"2018-03-18 12:52:14",52,26,19,"Деньги от Одноклассников",ok,sympathy_access,RU,topface,coin.one
597,12,"2018-03-19 10:10:57",117232864,"2018-03-19 10:10:57",22,"2018-03-23 15:24:00",100,97,19,"Деньги от Payment Ninja",fb,Menu,NG,standalonetf,pn.coins.6.1
597,12,"2018-03-16 16:23:21",117173925,"2018-03-16 16:23:21",16,"2018-03-19 15:23:14",100,97,127,"Деньги от Ninja",st,super_popup_profile_menu,US,standalonetf,coin.one
597,12,"2018-03-16 16:21:25",117173898,"2018-03-16 16:21:25",19,"2018-04-01 13:15:09",70,56,19,"Деньги от Paymentwall (web)",fb,coins_popup_gift,RU,standalonetf,
597,12,"2018-03-24 14:13:01",117421006,"2018-03-24 14:13:01",4,"2018-03-25 08:12:25",500,485,19,"Деньги от Ninja",st,sympathy_access,UA,standalonetf,coin.two
,,,117074046,"2018-03-10 16:47:28",91,"2018-04-02 14:48:23",52,26,19,"Деньги от Одноклассников",ok,sympathy_access,RU,topface,coin.one
,,,117548268,"2018-03-30 16:44:21",17,"2018-03-30 17:07:08",261,130,57,"Деньги от Одноклассников",ok,super_popup_profile_menu,RU,topface,premium.7
597,12,"2018-03-19 13:05:59",117235648,"2018-03-19 13:05:59",2,"2018-03-20 01:21:02",1132,792,147,"Деньги от Google Play",st,TrialVipPopup,RU,topfacemobappandroid,com.topface.topface.sub.trial.vip.month.13.3daysfree
597,12,"2018-03-17 05:27:52",117183872,"2018-03-17 05:27:52",18,"2018-03-18 14:52:56",131,35,19,"Деньги от Fortumo (web)",st,sympathy_access,MA,standalonetf,coin.one
597,12,"2018-03-18 13:34:48",117208039,"2018-03-18 13:34:48",27,"2018-03-24 11:55:14",306,297,19,"Деньги от Ninja",vk,coins_popup_navigation,RU,topfacemobappandroid,coin.two
597,12,"2018-03-12 03:34:42",117095376,"2018-03-12 03:34:42",3,"2018-03-12 03:53:01",613,254,19,"Деньги от Fortumo (web)",st,coins_popup_navigation,LV,topfacemobappios,coin.two
,,,117203461,"2018-03-18 08:26:56",2,"2018-03-18 09:33:00",1000,970,19,"Деньги от Ninja",fb,sympathy_access,US,standalonetf,coin.three
597,12,"2018-03-23 23:20:12",117405916,"2018-03-23 23:20:12",14,"2018-03-25 12:28:54",103,100,19,"Деньги от Payment Ninja",vk,EmptyLikes,RU,topface,pn.coins.6.1
,,,117092298,"2018-03-11 21:03:53",7,"2018-03-14 20:23:37",500,485,19,"Деньги от Ninja",fb,sympathy_access,BY,standalonetf,coin.two
,,,117091425,"2018-03-11 19:40:48",8,"2018-03-12 19:17:53",123,62,57,Голоса,vk,superPopupFromExperiment57-2BlockDialog,RU,topface,premium.1
597,12,"2018-03-13 18:42:14",117122645,"2018-03-13 18:42:14",3,"2018-03-13 19:22:18",100,97,19,"Деньги от Ninja",st,sympathy_access,NG,standalonetf,coin.one
,,,117446138,"2018-03-25 20:03:45",46,"2018-03-31 19:13:23",52,26,19,"Деньги от Одноклассников",ok,coinsPopupFrom51-1,UA,topface,coin.one
,,,117434387,"2018-03-25 02:58:47",22,"2018-03-25 20:25:11",122,62,19,Голоса,vk,coins_popup_profile_menu,UA,topfacemobappandroid,coin.two
,,,117510317,"2018-03-28 21:49:00",6,"2018-03-28 22:11:21",121,61,19,Голоса,vk,sympathy_access,RU,topface,coin.two
597,12,"2018-03-24 14:13:01",117421006,"2018-03-24 14:13:01",46,"2018-04-02 18:06:12",500,485,127,"Деньги от Ninja",st,sympathy_access,UA,standalonetf,coin.two
,,,117206672,"2018-03-18 12:11:35",35,"2018-03-27 20:06:18",262,131,19,"Деньги от Одноклассников",ok,sympathy_access,RU,topface,coin.two
,,,117488094,"2018-03-27 17:42:21",17,"2018-04-05 15:35:13",52,26,19,"Деньги от Одноклассников",ok,sympathy_access,RU,topface,coin.one
,,,117074046,"2018-03-10 16:47:28",56,"2018-03-20 11:20:17",87,43,57,"Деньги от Одноклассников",ok,super_express_message,RU,topface,premium.1
597,12,"2018-03-17 14:29:41",117189533,"2018-03-17 14:29:41",1,"2018-03-17 14:37:24",1460,1417,68,"Деньги от Ninja",vk,super_from_side_menu,RU,topface,premium.pack90
,,,117429493,"2018-03-24 21:05:19",11,"2018-03-27 21:07:13",122,62,57,Голоса,vk,superPopupFromExperiment57-2BlockDialog,RU,topface,premium.1
,,,117416496,"2018-03-24 10:01:05",9,"2018-03-25 16:36:15",306,155,147,Голоса,vk,super_express_message,UA,topface,
,,,117074046,"2018-03-10 16:47:28",30,"2018-03-13 17:12:14",53,26,19,"Деньги от Одноклассников",ok,coins_widget_57_3,RU,topface,coin.one
,,,117329809,"2018-03-21 22:19:00",18,"2018-03-26 21:32:12",122,62,57,Голоса,vk,superPopupFromExperiment57-2BlockPopup,RU,topface,premium.1
,,,117523932,"2018-03-29 16:18:23",1,"2018-03-29 16:35:36",52,27,19,"Деньги от FB",fb,coins_popup_navigation,RU,topface,
597,12,"2018-03-14 14:12:33",117136710,"2018-03-14 14:12:32",10,"2018-03-17 18:27:32",70,44,19,"Деньги от SMS Online",st,sympathy_access,RU,standalonetf,
,,,117074046,"2018-03-10 16:47:28",81,"2018-04-02 11:12:41",87,43,57,"Деньги от Одноклассников",ok,new_dating_block_write_message_from_search,RU,topface,premium.1
,,,117251578,"2018-03-20 01:28:07",8,"2018-03-21 17:27:18",130,91,19,"Деньги от iTunes",vk,FromLikes,RU,standalonetf,com.topface.topface.buy.coins.6
,,,117350558,"2018-03-22 09:11:10",25,"2018-03-24 10:24:22",122,62,57,Голоса,vk,super_from_side_menu,RU,topface,premium.1
597,12,"2018-03-27 23:14:16",117494505,"2018-03-27 23:14:16",4,"2018-04-05 19:33:06",917,641,147,"Деньги от iTunes",st,FromVipTrialPopup,RU,topfacemobappios,com.topface.topface.premium.trial.weekly.0799
597,12,"2017-11-10 08:53:43",114497946,"2018-03-19 09:48:52",69,"2017-12-05 13:35:53",0,0,77,"Деньги от Paymentwall (web)",ok,,RU,standalonetf,
597,12,"2018-03-24 00:23:53",117407355,"2018-03-24 00:23:53",9,"2018-03-24 14:19:13",500,485,127,"Деньги от Ninja",st,sympathy_access,US,standalonetf,coin.two
,,,117206672,"2018-03-18 12:11:35",29,"2018-03-21 08:50:29",261,130,19,"Деньги от Одноклассников",ok,sympathy_access,RU,topface,coin.two
597,12,"2018-03-24 14:13:01",117421006,"2018-03-24 14:13:01",41,"2018-03-30 16:00:23",500,485,19,"Деньги от Ninja",st,sympathy_access,UA,standalonetf,coin.two
597,12,"2018-03-14 14:12:33",117136710,"2018-03-14 14:12:32",2,"2018-03-16 12:02:54",305,295,19,"Деньги от Ninja",st,coins_popup_profile_menu,RU,standalonetf,coin.two
,,,117152532,"2018-03-15 10:09:53",18,"2018-03-28 19:28:25",52,26,19,"Деньги от Одноклассников",ok,coins_popup_navigation,RU,topface,coin.one
597,12,"2018-03-12 03:34:42",117095376,"2018-03-12 03:34:42",16,"2018-03-15 07:57:07",617,254,19,"Деньги от Fortumo (web)",st,coinsPopupFrom51-1,LV,topfacemobappios,coin.two
,,,117152532,"2018-03-15 10:09:53",10,"2018-03-15 10:48:09",53,26,19,"Деньги от Одноклассников",ok,sympathy_access,RU,topface,coin.one
597,12,"2018-03-13 18:59:35",117122928,"2018-03-13 18:59:35",6,"2018-03-14 22:17:28",245,145,19,"Деньги от Fortumo (web)",st,sympathy_access,RU,standalonetf,coin.two
,,,117469914,"2018-03-26 21:17:41",6,"2018-03-26 22:19:59",122,62,19,Голоса,vk,sympathy_access,RU,topface,coin.two
597,12,"2018-03-11 21:05:39",117092310,"2018-03-11 21:05:39",32,"2018-03-23 20:26:41",122,62,19,Голоса,vk,sympathy_access,RU,topfacemobappandroid,coin.two
,,,117074046,"2018-03-10 16:47:28",73,"2018-03-30 10:29:00",87,43,57,"Деньги от Одноклассников",ok,superPopupFromExperiment57-2BlockDialog,RU,topface,premium.1
,,,117337855,"2018-03-22 01:37:54",12,"2018-03-25 21:49:34",61,31,19,Голоса,vk,coins_popup_navigation,RU,topface,coin.one
,,,117251578,"2018-03-20 01:28:07",26,"2018-04-04 15:15:06",302,293,68,"Деньги от Ninja",vk,coins_popup_57_3,RU,standalonetf,premium.pack7
,,,117399631,"2018-03-23 19:11:24",1,"2018-03-23 19:12:22",52,27,19,"Деньги от FB",fb,coins_popup_navigation,RU,topface,
,,,117220308,"2018-03-18 22:16:21",13,"2018-04-01 21:46:17",61,31,19,Голоса,vk,coinsPopupFrom51-1,RU,topface,coin.one
,,,117074046,"2018-03-10 16:47:28",63,"2018-03-25 16:27:29",87,43,57,"Деньги от Одноклассников",ok,new_dating_block_write_message_from_search,RU,topface,premium.1
,,,117260205,"2018-03-20 10:09:14",4,"2018-03-24 15:55:15",17,8,57,"Деньги от Одноклассников",ok,offer_purchase_messenger,RU,topface,premium.1day_PUincrease
597,12,"2018-03-24 14:13:01",117421006,"2018-03-24 14:13:01",2,"2018-03-25 08:03:02",1000,970,68,"Деньги от Ninja",st,experimentGuests7-1,UA,standalonetf,premium.pack30
597,12,"2018-03-18 16:47:17",117211697,"2018-03-18 16:47:17",5,"2018-04-04 13:59:26",311,217,147,"Деньги от iTunes",st,VipDelivery,KZ,topfacemobappios,com.topface.topface.premium.week.1
,,,117429493,"2018-03-24 21:05:19",18,"2018-04-02 18:23:28",122,62,19,Голоса,vk,sympathy_access,RU,topface,coin.two
597,12,"2018-03-27 19:04:43",117489465,"2018-03-27 19:04:43",2,"2018-03-27 19:30:37",70,68,19,"Деньги от Ninja",mm,sympathy_access,RU,standalonetf,coin.one
,,,117218737,"2018-03-18 21:27:17",12,"2018-03-26 16:03:18",88,44,57,"Деньги от Одноклассников",ok,superPopupFromBlockExpressMessages,RU,topface,premium.1
597,12,"2017-11-10 08:53:43",114497946,"2018-03-19 09:48:52",60,"2017-12-05 13:29:10",68,66,19,"Деньги от Ninja",ok,coins_popup_buy_leadership_from_ribbon,RU,standalonetf,
597,12,"2018-03-22 17:00:19",117361908,"2018-03-22 17:00:19",6,"2018-03-22 18:26:29",306,297,19,"Деньги от Ninja",vk,sympathy_access,RU,standalonetf,coin.two
,,,117091425,"2018-03-11 19:40:48",12,"2018-03-13 20:01:19",123,62,57,Голоса,vk,superPopupFromExperiment57-2BlockPopup,RU,topface,premium.1
,,,117152532,"2018-03-15 10:09:53",30,"2018-04-04 19:37:40",52,26,19,"Деньги от Одноклассников",ok,coins_popup_navigation,RU,topface,coin.one
,,,117320348,"2018-03-21 19:29:13",1,"2018-03-21 19:30:40",52,27,19,"Деньги от FB",fb,coins_popup_navigation,RU,topface,
,,,117251578,"2018-03-20 01:28:07",11,"2018-03-21 17:27:40",659,461,19,"Деньги от iTunes",vk,FromLikes,RU,standalonetf,com.topface.topface.buy.coins.40
5859,47,"2018-03-17 13:54:53",117189030,"2018-03-17 13:54:52",2,"2018-03-21 19:17:48",609,591,68,"Деньги от Ninja",st,super_from_side_menu,RU,standalonetf,premium.pack30
,,,117152532,"2018-03-15 10:09:53",23,"2018-04-04 19:34:01",52,26,19,"Деньги от Одноклассников",ok,sympathy_access,RU,topface,coin.one
597,12,"2017-11-10 08:53:43",114497946,"2018-03-19 09:48:52",63,"2017-12-05 13:29:13",68,66,127,"Деньги от Ninja",ok,coins_popup_buy_leadership_from_ribbon,RU,standalonetf,
597,12,"2018-03-12 13:30:43",117098807,"2018-03-12 13:30:43",6,"2018-03-16 18:18:38",304,295,68,"Деньги от Ninja",vk,super_popup_profile_menu,RU,standalonetf,premium.pack7
,,,117251578,"2018-03-20 01:28:07",17,"2018-03-22 19:19:04",123,62,19,Голоса,vk,coins_popup_57_3,RU,standalonetf,coin.two
597,12,"2018-03-12 03:34:42",117095376,"2018-03-12 03:34:42",11,"2018-03-14 06:56:11",617,254,19,"Деньги от Fortumo (web)",st,coinsPopupFrom51-1,LV,topfacemobappios,coin.two
,,,117465932,"2018-03-26 19:01:32",53,"2018-04-03 14:00:33",304,154,147,Голоса,vk,sympathy_access,RU,topface,
597,12,"2018-03-12 13:30:43",117098807,"2018-03-12 13:30:43",21,"2018-03-16 18:21:32",69,67,19,"Деньги от Ninja",vk,sympathy_access,RU,standalonetf,coin.one
597,12,"2018-03-17 05:27:52",117183872,"2018-03-17 05:27:52",11,"2018-03-17 05:42:54",131,35,19,"Деньги от Fortumo (web)",st,coins_popup_navigation,MA,standalonetf,coin.one
597,12,"2018-03-29 14:42:27",117522266,"2018-03-29 14:42:27",3,"2018-03-29 22:36:14",400,280,147,"Деньги от iTunes",st,FromGuests,RU,topfacemobappios,com.topface.topface.premium.week.1
597,12,"2018-03-13 00:13:50",117110975,"2018-03-13 00:13:50",28,"2018-03-23 17:39:28",70,44,19,"Деньги от SMS Online",st,sympathy_access,RU,standalonetf,
597,12,"2018-03-14 18:23:27",117140556,"2018-03-14 18:23:27",27,"2018-03-31 19:20:09",305,296,68,"Деньги от Ninja",st,coinsPopupFrom51-1,RU,topfacemobappandroid,premium.pack7
,,,117175643,"2018-03-16 18:34:57",1,"2018-03-19 17:21:25",17,8,57,"Деньги от Одноклассников",ok,super_express_message,EE,topface,premium.1day_PUincrease
,,,117074046,"2018-03-10 16:47:28",75,"2018-04-01 23:57:30",53,26,19,"Деньги от Одноклассников",ok,coins_popup_navigation,RU,topface,coin.one
,,,117099741,"2018-03-12 14:36:10",12,"2018-03-22 01:59:40",492,249,147,Голоса,vk,super_from_side_menu,RU,standalonetf,
597,12,"2018-03-18 13:34:48",117208039,"2018-03-18 13:34:48",48,"2018-03-31 18:34:42",70,68,127,"Деньги от Ninja",vk,coins_popup_navigation,RU,topfacemobappandroid,coin.one
,,,117246952,"2018-03-19 21:08:10",7,"2018-04-02 13:01:21",122,62,57,Голоса,vk,super_express_message,LV,topface,premium.1
597,12,"2018-03-23 16:10:32",117395062,"2018-03-23 16:10:32",8,"2018-03-23 17:44:53",306,297,19,"Деньги от Ninja",fb,sympathy_access,RU,standalonetf,coin.two
597,12,"2018-03-19 10:10:57",117232864,"2018-03-19 10:10:57",15,"2018-03-19 10:27:28",100,97,127,"Деньги от Ninja",fb,sympathy_access,NG,standalonetf,coin.one
,,,117212418,"2018-03-18 17:23:16",7,"2018-03-18 18:20:20",122,62,19,Голоса,vk,sympathy_access,RU,topfacemobappios,coin.two
597,12,"2018-03-17 05:27:52",117183872,"2018-03-17 05:27:52",14,"2018-03-17 05:44:06",131,35,19,"Деньги от Fortumo (web)",st,coins_popup_navigation,MA,standalonetf,coin.one
597,12,"2018-03-22 13:24:07",117356556,"2018-03-22 13:24:07",7,"2018-03-24 08:43:02",82,20,19,"Деньги от Fortumo (web)",fb,sympathy_access,MX,standalonetf,coin.one
,,,117355331,"2018-03-22 12:33:17",17,"2018-03-25 15:43:27",122,62,19,Голоса,vk,coinsPopupFrom51-1,RU,topface,coin.two
597,12,"2018-03-14 18:23:27",117140556,"2018-03-14 18:23:27",4,"2018-03-17 19:18:55",304,295,68,"Деньги от Ninja",st,super_express_message,RU,topfacemobappandroid,premium.pack7
597,12,"2018-03-12 03:34:42",117095376,"2018-03-12 03:34:42",28,"2018-03-19 20:58:44",369,258,147,"Деньги от iTunes",st,VipDelivery,LV,topfacemobappios,com.topface.topface.premium.week.1
597,12,"2017-11-10 08:53:43",114497946,"2018-03-19 09:48:52",209,"2018-01-26 15:56:19",54,27,19,"Деньги от Одноклассников",ok,coins_popup_profile_menu,RU,standalonetf,coin.one
,,,117092298,"2018-03-11 21:03:53",16,"2018-03-18 10:20:20",100,97,127,"Деньги от Ninja",fb,coins_popup_navigation,BY,standalonetf,coin.one
,,,117074046,"2018-03-10 16:47:28",69,"2018-03-29 09:50:22",87,43,57,"Деньги от Одноклассников",ok,new_dating_block_write_message_from_search,RU,topface,premium.1
,,,117135392,"2018-03-14 12:15:39",25,"2018-03-15 10:11:55",61,31,19,Голоса,vk,coins_popup_profile_menu,RU,topface,coin.one
597,12,"2018-03-16 20:38:11",117177448,"2018-03-16 20:38:11",3,"2018-03-23 00:16:48",299,209,147,"Деньги от iTunes",fb,VipDelivery,IR,topfacemobappios,com.topface.topface.premium.week.1
597,12,"2018-03-17 20:53:16",117195121,"2018-03-17 20:53:16",9,"2018-03-27 10:24:08",201,140,147,"Деньги от iTunes",fb,FromMenu,UG,topfacemobappios,com.topface.topface.premium.week.1
597,12,"2018-03-13 00:13:50",117110975,"2018-03-13 00:13:50",43,"2018-03-23 17:52:46",70,44,19,"Деньги от SMS Online",st,sympathy_access,RU,standalonetf,
597,12,"2018-03-12 03:34:42",117095376,"2018-03-12 03:34:42",46,"2018-03-26 09:30:39",432,302,67,"Деньги от iTunes",st,FromLikes,LV,topfacemobappios,com.topface.topface.buy.likes.1
597,12,"2018-03-16 19:27:27",117176355,"2018-03-16 19:27:27",43,"2018-03-23 18:01:31",612,310,19,Голоса,vk,coins_popup_navigation,RU,topface,coin.150coins
5611,45,"2018-03-21 11:58:19",117186138,"2018-03-17 09:55:09",25,"2018-03-24 11:29:19",61,31,19,Голоса,vk,sympathy_access,RU,topface,coin.one
,,,117492645,"2018-03-27 21:38:05",5,"2018-03-31 18:22:30",122,62,19,Голоса,vk,sympathy_access,RU,topface,coin.two
597,12,"2018-03-11 21:05:39",117092310,"2018-03-11 21:05:39",38,"2018-03-30 14:18:17",122,62,19,Голоса,vk,sympathy_access,RU,topfacemobappandroid,coin.two
597,12,"2018-03-18 16:47:17",117211697,"2018-03-18 16:47:17",4,"2018-03-27 09:16:31",311,217,147,"Деньги от iTunes",st,VipDelivery,KZ,topfacemobappios,com.topface.topface.premium.week.1
,,,117446138,"2018-03-25 20:03:45",27,"2018-03-29 17:04:38",52,26,19,"Деньги от Одноклассников",ok,coinsPopupFrom51-1,UA,topface,coin.one
597,12,"2017-11-10 08:53:43",114497946,"2018-03-19 09:48:52",78,"2017-12-08 13:08:49",0,0,77,"Деньги от Paymentwall (web)",ok,,RU,standalonetf,
,,,117174396,"2018-03-16 16:58:40",3,"2018-03-19 15:13:39",365,185,19,Голоса,vk,coins_popup_navigation,RU,topface,coin.three
597,12,"2017-11-10 08:53:43",114497946,"2018-03-19 09:48:52",284,"2018-03-22 10:32:39",88,44,57,"Деньги от Одноклассников",ok,super_popup_adv_widget,RU,standalonetf,premium.1
,,,117337855,"2018-03-22 01:37:54",26,"2018-04-02 11:44:46",61,31,19,Голоса,vk,sympathy_access,RU,topface,coin.one
597,12,"2018-03-29 00:19:13",117512732,"2018-03-29 00:19:12",16,"2018-03-31 12:35:27",70,44,19,"Деньги от SMS Online",fb,sympathy_access,RU,standalonetf,
597,12,"2018-03-13 18:42:14",117122645,"2018-03-13 18:42:14",14,"2018-03-13 19:25:51",100,97,127,"Деньги от Ninja",st,sympathy_access,NG,standalonetf,coin.one
,,,117527864,"2018-03-29 19:31:18",7,"2018-03-29 20:24:43",61,31,67,Голоса,vk,how-get-popularity,RU,topface,like.1
597,12,"2018-03-24 00:23:53",117407355,"2018-03-24 00:23:53",4,"2018-03-24 00:56:55",500,485,19,"Деньги от Ninja",st,sympathy_access,US,standalonetf,coin.two
597,12,"2018-03-24 09:16:38",117415662,"2018-03-24 09:16:38",8,"2018-03-24 11:37:00",87,52,19,"Деньги от Fortumo (web)",st,sympathy_access,RU,standalonetf,coin.one
597,12,"2018-03-23 23:20:12",117405916,"2018-03-23 23:20:12",17,"2018-03-25 12:29:34",100,97,19,"Деньги от Payment Ninja",vk,autorefill,RU,topface,pn.coins.6.1
597,12,"2018-03-17 14:29:58",117189539,"2018-03-17 14:29:58",1,"2018-03-18 13:13:15",608,590,68,"Деньги от Ninja",st,superPopupFromBlockExpressMessages,RU,standalonetf,premium.pack30
597,12,"2018-03-20 10:35:18",117260638,"2018-03-20 10:35:18",35,"2018-03-22 17:27:28",613,389,19,"Деньги от SMS Online",st,coinsPopupFrom51-1,RU,standalonetf,
597,12,"2018-03-24 14:13:01",117421006,"2018-03-24 14:13:01",25,"2018-03-29 14:25:16",500,485,19,"Деньги от Ninja",st,coinsPopupFrom51-1,UA,standalonetf,coin.two
,,,117415897,"2018-03-24 09:29:29",13,"2018-03-26 16:24:14",61,31,19,Голоса,vk,sympathy_access,RU,topfacemobappwindowsphone,coin.one
597,12,"2018-03-16 16:23:21",117173925,"2018-03-16 16:23:21",9,"2018-03-18 13:53:12",100,97,127,"Деньги от Ninja",st,super_popup_profile_menu,US,standalonetf,coin.one
,,,117382058,"2018-03-23 05:58:40",21,"2018-03-28 20:56:52",121,61,19,Голоса,vk,sympathy_access,RU,topface,coin.two
597,12,"2018-03-24 14:13:01",117421006,"2018-03-24 14:13:01",34,"2018-03-29 14:27:11",500,485,127,"Деньги от Ninja",st,sympathy_access,UA,standalonetf,coin.two
,,,117215353,"2018-03-18 19:32:38",8,"2018-03-21 22:36:59",262,131,19,"Деньги от Одноклассников",ok,sympathy_access,RU,topface,coin.two
5859,47,"2018-03-17 13:54:53",117189030,"2018-03-17 13:54:52",1,"2018-03-17 17:32:41",156,152,67,"Деньги от Ninja",st,how-get-popularity,RU,standalonetf,like.1
597,12,"2018-03-13 11:27:45",117117059,"2018-03-13 11:27:45",2,"2018-03-24 15:22:25",1000,970,68,"Деньги от Ninja",st,super_popup_on_loss,US,standalonetf,premium.pack30
597,12,"2018-03-22 04:14:17",117342081,"2018-03-22 04:14:17",8,"2018-03-22 11:53:17",499,349,19,"Деньги от iTunes",st,FromMenu,US,standalonetf,com.topface.topface.buy.coins.40
597,12,"2017-11-10 08:53:43",114497946,"2018-03-19 09:48:52",79,"2017-12-08 13:10:08",152,147,67,"Деньги от Ninja",ok,how-get-popularity,RU,standalonetf,
597,12,"2018-03-29 03:37:13",117514358,"2018-03-29 03:37:13",12,"2018-03-29 04:30:13",100,97,127,"Деньги от Ninja",st,coins_popup_navigation,PT,standalonetf,coin.one
597,12,"2018-03-17 14:29:58",117189539,"2018-03-17 14:29:58",9,"2018-03-18 15:32:36",304,295,127,"Деньги от Ninja",st,coinsPopupFrom51-1,RU,standalonetf,coin.two
597,12,"2018-03-21 13:23:05",117308254,"2018-03-21 13:23:05",12,"2018-04-01 13:16:19",86,60,19,"Деньги от Google Play",st,EmptyLikes,BY,standalonetf,com.topface.topface.coins.6.1
597,12,"2018-03-18 13:34:48",117208039,"2018-03-18 13:34:48",39,"2018-03-31 10:27:21",61,31,19,Голоса,vk,coinsPopupFrom51-1,RU,topfacemobappandroid,coin.one
597,12,"2018-03-10 22:00:23",117079122,"2018-03-10 22:00:23",3,"2018-03-10 22:28:11",100,97,19,"Деньги от Ninja",vk,sympathy_access,CA,topfacemobappandroid,coin.one
597,12,"2018-03-20 10:35:18",117260638,"2018-03-20 10:35:18",3,"2018-03-20 10:59:46",69,44,19,"Деньги от SMS Online",st,sympathy_access,RU,standalonetf,
597,12,"2017-11-10 08:53:43",114497946,"2018-03-19 09:48:52",74,"2017-12-05 14:52:09",65,32,77,"Деньги от Одноклассников",ok,,RU,standalonetf,
597,12,"2018-03-16 16:23:21",117173925,"2018-03-16 16:23:21",12,"2018-03-19 14:50:39",100,97,127,"Деньги от Ninja",st,super_popup_profile_menu,US,standalonetf,coin.one
597,12,"2018-03-19 22:05:13",117247834,"2018-03-19 22:05:13",8,"2018-04-05 22:28:27",799,559,147,"Деньги от iTunes",st,none,US,topfacemobappios,com.topface.topface.premium.trial.weekly.0799
,,,117158999,"2018-03-15 18:51:34",8,"2018-03-21 20:08:25",522,261,19,"Деньги от Одноклассников",ok,sympathy_access,BY,topface,coin.three
,,,117329809,"2018-03-21 22:19:00",10,"2018-03-22 14:54:04",123,62,57,Голоса,vk,super_express_message,RU,topface,premium.1
597,12,"2018-03-19 22:05:13",117247834,"2018-03-19 22:05:13",7,"2018-03-29 22:29:05",799,559,147,"Деньги от iTunes",st,none,US,topfacemobappios,com.topface.topface.premium.trial.weekly.0799
,,,117382058,"2018-03-23 05:58:40",27,"2018-03-31 00:11:04",37,19,77,Голоса,vk,,RU,topface,bombmsg.bombmsg
597,12,"2018-03-24 22:40:54",117431252,"2018-03-24 22:40:54",9,"2018-03-25 22:26:17",70,60,19,"Деньги от Paymentwall (web)",st,coins_popup_navigation,RU,standalonetf,
,,,117144632,"2018-03-14 22:11:24",9,"2018-03-14 22:31:10",122,62,19,Голоса,vk,sympathy_access,RU,topface,coin.two
597,12,"2017-11-10 08:53:43",114497946,"2018-03-19 09:48:52",280,"2018-03-22 10:32:12",53,26,19,"Деньги от Одноклассников",ok,coins_popup_profile_menu,RU,standalonetf,coin.one
597,12,"2018-03-18 13:34:48",117208039,"2018-03-18 13:34:48",24,"2018-03-24 11:48:24",1468,1424,68,"Деньги от Ninja",vk,super_from_side_menu,RU,topfacemobappandroid,premium.pack90
597,12,"2017-11-10 08:53:43",114497946,"2018-03-19 09:48:52",34,"2017-11-22 11:20:05",152,76,67,"Деньги от Одноклассников",ok,how-get-popularity,RU,standalonetf,
597,12,"2018-03-18 13:34:48",117208039,"2018-03-18 13:34:48",22,"2018-03-21 10:28:39",70,67,127,"Деньги от Ninja",vk,coins_popup_navigation,RU,topfacemobappandroid,coin.one
597,12,"2018-03-13 00:13:50",117110975,"2018-03-13 00:13:50",19,"2018-03-15 19:18:28",70,44,19,"Деньги от SMS Online",st,coinsPopupFrom51-1,RU,standalonetf,
597,12,"2018-03-13 11:27:45",117117059,"2018-03-13 11:27:45",5,"2018-03-24 18:08:48",500,485,19,"Деньги от Ninja",st,coinsPopupFrom51-1,US,standalonetf,coin.two
597,12,"2017-11-10 08:53:43",114497946,"2018-03-19 09:48:52",273,"2018-03-13 09:58:32",70,0,19,"Деньги от Paymentwall (web)",ok,coins_popup_buy_leadership_from_ribbon,RU,standalonetf,
,,,117527864,"2018-03-29 19:31:18",4,"2018-03-29 19:43:39",122,61,19,Голоса,vk,sympathy_access,RU,topface,coin.two
597,12,"2018-03-18 13:34:48",117208039,"2018-03-18 13:34:48",16,"2018-03-21 10:28:23",70,67,127,"Деньги от Ninja",vk,sympathy_access,RU,topfacemobappandroid,coin.one
597,12,"2018-03-24 22:40:54",117431252,"2018-03-24 22:40:54",13,"2018-03-28 13:30:07",608,522,57,"Деньги от Paymentwall (web)",st,superPopupFromBlockExpressMessages,RU,standalonetf,
,,,117488094,"2018-03-27 17:42:21",21,"2018-04-05 16:14:02",87,43,57,"Деньги от Одноклассников",ok,super_express_message,RU,topface,premium.1
597,12,"2017-11-10 08:53:43",114497946,"2018-03-19 09:48:52",237,"2018-02-14 17:27:27",87,52,19,"Деньги от Fortumo (web)",ok,coins_popup_profile_menu,RU,standalonetf,coin.one
,,,117218737,"2018-03-18 21:27:17",3,"2018-03-23 17:04:07",17,8,57,"Деньги от Одноклассников",ok,superPopupFromBlockExpressMessages,RU,topface,premium.1day_PUincrease
597,12,"2018-03-11 21:05:39",117092310,"2018-03-11 21:05:39",13,"2018-03-13 20:37:24",123,62,19,Голоса,vk,sympathy_access,RU,topfacemobappandroid,coin.two
597,12,"2018-03-13 00:13:50",117110975,"2018-03-13 00:13:50",39,"2018-03-23 17:51:45",70,44,19,"Деньги от SMS Online",st,sympathy_access,RU,standalonetf,
,,,117429493,"2018-03-24 21:05:19",7,"2018-03-24 21:42:30",122,62,19,Голоса,vk,coins_popup_profile_menu,RU,topface,coin.two
,,,117206672,"2018-03-18 12:11:35",15,"2018-03-20 07:48:11",87,43,57,"Деньги от Одноклассников",ok,superPopupFromBlockExpressMessages,RU,topface,premium.1
597,12,"2018-03-21 13:23:05",117308254,"2018-03-21 13:23:05",7,"2018-03-31 12:24:03",455,318,146,"Деньги от Google Play",st,AdToPhotoBlog,BY,standalonetf,com.topface.topface.sub.coins.month.40.5
597,12,"2018-03-13 00:13:50",117110975,"2018-03-13 00:13:50",34,"2018-03-23 17:50:12",0,0,19,"Деньги от SMS Online",st,sympathy_access,RU,standalonetf,
597,12,"2018-03-18 03:25:53",117200444,"2018-03-18 03:25:53",13,"2018-03-21 08:07:03",510,307,68,"Деньги от PaymentWall (mobile)",vk,none,DE,topfacemobappandroid,com.topface.topface.buy.sms.vip.day.10
597,12,"2018-03-18 14:53:39",117209460,"2018-03-18 14:53:39",13,"2018-04-05 21:25:06",303,294,68,"Деньги от Ninja",vk,,RU,standalonetf,premium.pack7
,,,117311966,"2018-03-21 15:29:11",1,"2018-03-21 15:31:05",52,27,19,"Деньги от FB",fb,coins_popup_navigation,RU,topface,
597,12,"2018-03-23 07:49:29",117384170,"2018-03-23 07:49:29",3,"2018-04-01 06:12:56",100,97,19,"Деньги от Ninja",fb,sympathy_access,AZ,topfacemobappios,coin.one
597,12,"2018-03-16 16:23:21",117173925,"2018-03-16 16:23:21",1,"2018-03-16 16:33:45",100,97,19,"Деньги от Ninja",st,coins_popup_navigation,US,standalonetf,coin.one
597,12,"2018-03-25 08:44:06",117436891,"2018-03-25 08:44:05",2,"2018-03-26 00:25:44",99,69,19,"Деньги от iTunes",st,FromMenu,UA,topfacemobappios,com.topface.topface.buy.coins.6
597,12,"2018-03-25 16:41:02",117442829,"2018-03-25 16:41:02",11,"2018-04-01 11:08:38",2699,1889,147,"Деньги от iTunes",st,FromMenu,US,topfacemobappios,com.topface.topface.premium.month.3
,,,117350558,"2018-03-22 09:11:10",27,"2018-03-24 10:25:52",61,31,19,Голоса,vk,sympathy_access,RU,topface,coin.one
597,12,"2018-03-28 13:13:41",117502612,"2018-03-28 13:13:41",5,"2018-04-03 15:32:16",70,67,19,"Деньги от Ninja",vk,coins_popup_navigation,RU,standalonetf,coin.one
597,12,"2018-03-14 18:23:27",117140556,"2018-03-14 18:23:27",26,"2018-03-24 19:20:04",306,297,68,"Деньги от Ninja",st,coinsPopupFrom51-1,RU,topfacemobappandroid,premium.pack7
597,12,"2017-11-10 08:53:43",114497946,"2018-03-19 09:48:52",35,"2017-11-22 11:22:30",85,42,57,"Деньги от Одноклассников",ok,super_from_side_menu,RU,standalonetf,
,,,117200630,"2018-03-18 03:48:31",3,"2018-03-18 03:55:36",61,31,19,Голоса,vk,coins_popup_gift,RU,topface,coin.one
597,12,"2018-03-16 16:21:25",117173898,"2018-03-16 16:21:25",16,"2018-03-31 22:12:08",70,56,19,"Деньги от Paymentwall (web)",fb,coins_popup_gift,RU,standalonetf,
,,,117251578,"2018-03-20 01:28:07",2,"2018-03-21 15:12:55",304,295,68,"Деньги от Ninja",vk,superPopupFromExperiment57-2BlockPopup,RU,standalonetf,premium.pack7
597,12,"2018-03-12 03:34:42",117095376,"2018-03-12 03:34:42",48,"2018-03-26 20:58:42",372,260,147,"Деньги от iTunes",st,VipDelivery,LV,topfacemobappios,com.topface.topface.premium.week.1
,,,117190772,"2018-03-17 15:56:42",8,"2018-03-26 13:10:39",307,155,147,Голоса,vk,superPopupFromExperiment57-2BlockPopup,RU,standalonetf,
,,,117159861,"2018-03-15 19:48:48",4,"2018-03-17 19:10:01",61,31,77,Голоса,vk,,RU,topface,bombmsg.bombmsg
597,12,"2018-03-25 00:19:59",117432758,"2018-03-25 00:19:59",5,"2018-03-25 00:28:55",618,278,19,"Деньги от Fortumo (web)",fb,sympathy_access,IT,topfacemobappios,coin.two
,,,117251578,"2018-03-20 01:28:07",22,"2018-03-24 12:23:12",122,62,19,Голоса,vk,coins_popup_57_3,RU,standalonetf,coin.two
597,12,"2018-03-26 11:37:49",117457467,"2018-03-26 11:37:49",5,"2018-03-27 18:45:12",306,297,68,"Деньги от Ninja",st,super_from_side_menu,RU,standalonetf,premium.pack7
597,12,"2018-03-14 18:23:27",117140556,"2018-03-14 18:23:27",6,"2018-03-17 19:24:32",70,67,19,"Деньги от Ninja",st,sympathy_access,RU,topfacemobappandroid,coin.one
597,12,"2018-03-12 03:34:42",117095376,"2018-03-12 03:34:42",50,"2018-04-02 20:58:42",368,257,147,"Деньги от iTunes",st,VipDelivery,LV,topfacemobappios,com.topface.topface.premium.week.1
597,12,"2018-03-28 13:13:41",117502612,"2018-03-28 13:13:41",3,"2018-04-03 15:31:57",70,67,19,"Деньги от Ninja",vk,coins_popup_navigation,RU,standalonetf,coin.one
597,12,"2018-03-23 23:20:12",117405916,"2018-03-23 23:20:12",5,"2018-03-23 23:40:34",122,62,19,Голоса,vk,sympathy_access,RU,topface,coin.two
597,12,"2018-03-18 13:34:48",117208039,"2018-03-18 13:34:48",34,"2018-03-25 14:31:30",122,62,19,Голоса,vk,sympathy_access,RU,topfacemobappandroid,coin.two
597,12,"2018-03-18 22:33:39",117220821,"2018-03-18 22:33:39",10,"2018-04-03 18:18:38",608,491,57,"Деньги от SMS Online",st,super_from_side_menu,RU,standalonetf,
597,12,"2018-03-27 01:32:37",117475396,"2018-03-27 01:32:37",9,"2018-03-31 10:57:06",305,296,19,"Деньги от Ninja",st,coins_popup_navigation,RU,standalonetf,coin.two
597,12,"2018-03-24 22:40:54",117431252,"2018-03-24 22:40:54",15,"2018-03-28 13:36:05",69,60,19,"Деньги от Paymentwall (web)",st,coins_popup_navigation,RU,standalonetf,
,,,117153290,"2018-03-15 11:25:47",3,"2018-03-18 17:30:45",172,120,67,"Деньги от Google Play",vk,EmptyLikes,RU,topfacemobappandroid,com.topface.topface.likes.100.3
,,,117180141,"2018-03-16 23:22:24",8,"2018-03-24 00:30:05",308,298,147,"Деньги от Payment Ninja",vk,LeftMenu,RU,topfacemobappandroid,pn.sub.vip.week.3
597,12,"2018-03-24 09:16:38",117415662,"2018-03-24 09:16:38",15,"2018-03-24 11:50:43",245,145,19,"Деньги от Fortumo (web)",st,sympathy_access,RU,standalonetf,coin.two
5859,47,"2018-03-26 07:52:55",117454762,"2018-03-26 07:52:54",23,"2018-03-26 22:19:20",70,56,19,"Деньги от SMS Online",ok,sympathy_access,RU,standalonetf,
597,12,"2017-11-10 08:53:43",114497946,"2018-03-19 09:48:52",285,"2018-03-22 10:32:48",53,26,19,"Деньги от Одноклассников",ok,coins_popup_profile_menu,RU,standalonetf,coin.one
597,12,"2018-03-17 05:27:52",117183872,"2018-03-17 05:27:52",7,"2018-03-17 05:41:14",131,35,19,"Деньги от Fortumo (web)",st,sympathy_access,MA,standalonetf,coin.one
,,,117074046,"2018-03-10 16:47:28",37,"2018-03-13 21:34:31",88,44,57,"Деньги от Одноклассников",ok,super_express_message,RU,topface,premium.1
,,,117212418,"2018-03-18 17:23:16",14,"2018-03-19 13:00:47",130,91,19,"Деньги от iTunes",vk,FromLikes,RU,topfacemobappios,com.topface.topface.buy.coins.6
,,,117387612,"2018-03-23 10:31:23",16,"2018-04-02 08:44:37",52,26,77,"Деньги от Одноклассников",ok,,RU,topface,bombmsg.bombmsg
,,,117246952,"2018-03-19 21:08:10",4,"2018-03-30 19:42:23",122,62,57,Голоса,vk,super_express_message,LV,topface,premium.1
,,,117280161,"2018-03-20 22:00:03",5,"2018-03-21 15:01:23",52,26,19,"Деньги от Одноклассников",ok,sympathy_access,AM,topface,coin.one
,,,117482006,"2018-03-27 10:39:19",3,"2018-03-27 11:08:22",123,62,19,Голоса,vk,sympathy_access,RU,topface,coin.two
597,12,"2018-03-24 09:16:38",117415662,"2018-03-24 09:16:38",37,"2018-04-06 06:13:32",243,144,19,"Деньги от Fortumo (web)",st,sympathy_access,RU,standalonetf,coin.two
597,12,"2018-03-18 14:53:39",117209460,"2018-03-18 14:53:39",6,"2018-03-20 21:21:44",304,295,68,"Деньги от Ninja",vk,super_express_message,RU,standalonetf,premium.pack7
597,12,"2018-03-18 14:53:39",117209460,"2018-03-18 14:53:39",9,"2018-03-27 21:25:04",305,296,68,"Деньги от Ninja",vk,super_express_message,RU,standalonetf,premium.pack7
,,,117106309,"2018-03-12 20:30:57",5,"2018-04-02 23:38:22",919,643,147,"Деньги от iTunes",vk,FromVipTrialPopup,RU,topfacemobappios,com.topface.topface.premium.trial.weekly.0799
597,12,"2018-03-26 00:04:53",117450483,"2018-03-26 00:04:53",15,"2018-04-01 12:27:00",500,485,19,"Деньги от Ninja",st,sympathy_access,GE,topfacemobappios,coin.two
597,12,"2018-03-18 16:47:17",117211697,"2018-03-18 16:47:17",3,"2018-03-20 08:08:58",305,213,147,"Деньги от iTunes",st,VipDelivery,KZ,topfacemobappios,com.topface.topface.premium.week.1
,,,117395346,"2018-03-23 16:22:31",13,"2018-03-24 12:03:10",122,62,57,Голоса,vk,superPopupFromBlockExpressMessages,RU,topface,premium.1
,,,117067735,"2018-03-10 01:05:48",12,"2018-03-11 12:52:28",74,37,77,Голоса,vk,,RU,topface,bombmsg.bombmsg
597,12,"2018-03-14 18:23:27",117140556,"2018-03-14 18:23:27",18,"2018-03-19 06:02:13",70,67,19,"Деньги от Ninja",st,coinsPopupFrom51-1,RU,topfacemobappandroid,coin.one
597,12,"2018-03-18 09:48:46",117204533,"2018-03-18 09:48:45",7,"2018-03-19 20:32:05",69,67,19,"Деньги от Ninja",mm,sympathy_access,RU,standalonetf,coin.one
597,12,"2017-11-10 08:53:43",114497946,"2018-03-19 09:48:52",33,"2017-11-22 11:16:53",127,63,77,"Деньги от Одноклассников",ok,,RU,standalonetf,
597,12,"2018-03-13 19:20:51",117123260,"2018-03-13 19:20:50",5,"2018-03-16 10:58:27",133,31,19,"Деньги от Fortumo (web)",mm,coins_popup_buy_leadership_from_ribbon,BY,standalonetf,coin.one
,,,117465932,"2018-03-26 19:01:32",3,"2018-03-26 19:08:48",61,31,19,Голоса,vk,sympathy_access,RU,topface,coin.one
,,,117092298,"2018-03-11 21:03:53",25,"2018-03-23 09:06:05",100,97,127,"Деньги от Ninja",fb,coins_popup_navigation,BY,standalonetf,coin.one
,,,117488094,"2018-03-27 17:42:21",8,"2018-03-28 04:15:31",52,26,19,"Деньги от Одноклассников",ok,coinsPopupFrom51-1,RU,topface,coin.one
,,,117350558,"2018-03-22 09:11:10",4,"2018-03-22 13:17:15",62,31,19,Голоса,vk,sympathy_access,RU,topface,coin.one
597,12,"2017-11-10 08:53:43",114497946,"2018-03-19 09:48:52",298,"2018-04-03 14:31:06",70,67,19,"Деньги от Ninja",ok,coins_popup_profile_menu,RU,standalonetf,coin.one
597,12,"2018-03-19 10:10:57",117232864,"2018-03-19 10:10:57",11,"2018-03-19 10:26:34",100,97,127,"Деньги от Ninja",fb,sympathy_access,NG,standalonetf,coin.one
,,,117206672,"2018-03-18 12:11:35",12,"2018-03-18 12:53:11",261,130,19,"Деньги от Одноклассников",ok,sympathy_access,RU,topface,coin.two
597,12,"2018-03-17 12:14:01",117187750,"2018-03-17 12:14:00",28,"2018-04-04 04:39:38",1000,970,127,"Деньги от Ninja",fb,,DO,standalonetf,coin.three
597,12,"2018-03-20 16:44:36",117267843,"2018-03-20 16:44:36",20,"2018-03-30 15:27:05",305,296,68,"Деньги от Ninja",st,superPopupFromBlockExpressMessages,RU,standalonetf,premium.pack7
597,12,"2018-03-14 14:12:33",117136710,"2018-03-14 14:12:32",6,"2018-03-17 17:14:12",913,580,57,"Деньги от SMS Online",st,super_express_message,RU,standalonetf,
597,12,"2018-03-20 16:25:40",117267389,"2018-03-20 16:25:40",2,"2018-03-20 17:35:25",299,209,67,"Деньги от iTunes",st,FromLikes,US,standalonetf,com.topface.topface.buy.likes.1
,,,117276115,"2018-03-20 20:34:53",28,"2018-03-26 17:26:01",307,298,19,"Деньги от Ninja",vk,coins_popup_navigation,RU,topface,coin.two
,,,117276115,"2018-03-20 20:34:53",22,"2018-03-23 01:21:12",306,296,19,"Деньги от Ninja",vk,coins_popup_navigation,RU,topface,coin.two
597,12,"2018-03-20 16:44:36",117267843,"2018-03-20 16:44:36",3,"2018-03-20 21:21:07",304,295,19,"Деньги от Ninja",st,sympathy_access,RU,standalonetf,coin.two
,,,117262012,"2018-03-20 11:51:57",21,"2018-03-30 12:03:27",489,247,147,Голоса,vk,superPopupFromExperiment57-2BlockPopup,DE,topface,
,,,117296255,"2018-03-21 05:59:50",3,"2018-03-21 06:19:52",61,31,19,Голоса,vk,coins_popup_buy_leadership_from_ribbon,RU,topface,coin.one
,,,117280161,"2018-03-20 22:00:03",14,"2018-03-21 15:04:20",87,43,57,"Деньги от Одноклассников",ok,new_dating_block_write_message_from_search,AM,topface,premium.1
,,,117271652,"2018-03-20 18:49:04",4,"2018-03-21 01:12:55",122,61,19,Голоса,vk,sympathy_access,RU,topface,coin.two
,,,117276115,"2018-03-20 20:34:53",8,"2018-03-21 03:08:28",122,61,19,Голоса,vk,coinsPopupFrom51-1,RU,topface,coin.two
,,,117271652,"2018-03-20 18:49:04",19,"2018-03-24 01:53:24",61,31,19,Голоса,vk,coinsPopupFrom51-1,RU,topface,coin.one
,,,117276115,"2018-03-20 20:34:53",13,"2018-03-21 03:11:53",122,61,19,Голоса,vk,sympathy_access,RU,topface,coin.two
,,,117510317,"2018-03-28 21:49:00",10,"2018-03-29 12:22:40",304,154,147,Голоса,vk,super_express_message,RU,topface,
,,,117262012,"2018-03-20 11:51:57",15,"2018-03-30 11:58:16",611,309,19,Голоса,vk,sympathy_access,DE,topface,coin.150coins
,,,117092298,"2018-03-11 21:03:53",21,"2018-03-23 09:05:44",100,97,19,"Деньги от Ninja",fb,coins_popup_navigation,BY,standalonetf,coin.one
597,12,"2018-03-13 18:42:14",117122645,"2018-03-13 18:42:14",11,"2018-03-13 19:24:47",100,97,127,"Деньги от Ninja",st,sympathy_access,NG,standalonetf,coin.one
,,,117159861,"2018-03-15 19:48:48",9,"2018-03-18 14:37:34",122,62,19,Голоса,vk,coinsPopupFrom51-1,RU,topface,coin.two
,,,117092298,"2018-03-11 21:03:53",14,"2018-03-18 10:20:08",100,97,19,"Деньги от Ninja",fb,coins_popup_navigation,BY,standalonetf,coin.one
,,,117548268,"2018-03-30 16:44:21",6,"2018-03-30 16:47:12",261,130,19,"Деньги от Одноклассников",ok,sympathy_access,RU,topface,coin.two
,,,117438581,"2018-03-25 11:25:22",1,"2018-03-25 11:26:38",87,43,57,"Деньги от Одноклассников",ok,super_popup_profile_menu,RU,topfacemobappandroidok,premium.7day_PUincrease
597,12,"2018-03-27 18:02:14",117488406,"2018-03-27 18:02:14",2,"2018-03-27 18:20:04",234,15,19,"Деньги от PaymentWall (mobile)",vk,none,BY,topface,com.topface.topface.buy.sms.coins.8
597,12,"2017-11-10 08:53:43",114497946,"2018-03-19 09:48:52",77,"2017-12-07 15:06:08",152,147,67,"Деньги от Ninja",ok,how-get-popularity,RU,standalonetf,
,,,117074046,"2018-03-10 16:47:28",43,"2018-03-16 12:11:16",87,43,57,"Деньги от Одноклассников",ok,superPopupFromExperiment57-2BlockDialog,RU,topface,premium.1
597,12,"2017-11-10 08:53:43",114497946,"2018-03-19 09:48:52",295,"2018-03-29 11:01:23",69,0,19,"Деньги от Paymentwall (web)",ok,coins_popup_profile_menu,RU,standalonetf,
597,12,"2018-03-16 14:16:00",117172291,"2018-03-16 14:16:00",7,"2018-03-16 14:28:37",123,119,127,"Деньги от Ninja",st,sympathy_access,FR,standalonetf,coin.one
,,,117446138,"2018-03-25 20:03:45",13,"2018-03-27 21:15:14",87,43,57,"Деньги от Одноклассников",ok,superPopupFromBlockExpressMessages,UA,topface,premium.7day_PUincrease
597,12,"2018-03-28 13:18:17",117502673,"2018-03-28 13:18:17",1,"2018-03-28 14:11:35",69,44,19,"Деньги от SMS Online",st,coins_popup_navigation,RU,standalonetf,
,,,117152532,"2018-03-15 10:09:53",4,"2018-03-15 10:39:35",53,26,19,"Деньги от Одноклассников",ok,sympathy_access,RU,topface,coin.one
597,12,"2018-03-15 20:11:03",117160252,"2018-03-15 20:11:03",3,"2018-03-20 21:46:13",500,485,68,"Деньги от Ninja",st,new_dating_block_write_message_from_search,US,standalonetf,premium.pack7
,,,117190772,"2018-03-17 15:56:42",3,"2018-03-23 20:13:23",122,62,19,Голоса,vk,coins_popup_navigation,RU,standalonetf,coin.two
597,12,"2018-03-25 22:16:34",117448497,"2018-03-25 22:16:34",3,"2018-03-27 20:03:58",612,593,68,"Деньги от Ninja",st,new_dating_block_write_message_from_search,RU,standalonetf,premium.pack30
597,12,"2018-03-17 12:14:01",117187750,"2018-03-17 12:14:00",13,"2018-03-24 19:50:30",1000,970,19,"Деньги от Ninja",fb,sympathy_access,DO,standalonetf,coin.three
,,,117220308,"2018-03-18 22:16:21",30,"2018-04-02 12:11:33",122,62,19,Голоса,vk,coinsPopupFrom51-1,RU,topface,coin.two
,,,117284121,"2018-03-20 23:23:09",2,"2018-03-20 23:31:00",17,8,57,"Деньги от Одноклассников",ok,offer_purchase_messenger,RU,topface,premium.1day_PUincrease
,,,117280161,"2018-03-20 22:00:03",11,"2018-03-21 15:03:27",52,26,19,"Деньги от Одноклассников",ok,sympathy_access,AM,topface,coin.one
,,,117271652,"2018-03-20 18:49:04",7,"2018-03-21 13:32:35",304,154,147,Голоса,vk,super_express_message,RU,topface,
,,,117271652,"2018-03-20 18:49:04",10,"2018-03-22 12:17:59",123,62,19,Голоса,vk,sympathy_access,RU,topface,coin.two
597,12,"2018-03-20 16:44:36",117267843,"2018-03-20 16:44:36",12,"2018-03-21 06:50:40",304,295,127,"Деньги от Ninja",st,sympathy_access,RU,standalonetf,coin.two
,,,117293331,"2018-03-21 04:12:49",30,"2018-03-28 00:55:11",261,142,19,"Деньги от FB",fb,sympathy_access,RU,topface,
,,,117293331,"2018-03-21 04:12:49",34,"2018-03-29 00:38:23",518,283,68,"Деньги от FB",fb,superPopupFromBlockExpressMessages,RU,topface,
,,,117293331,"2018-03-21 04:12:49",17,"2018-03-23 20:08:34",525,284,19,"Деньги от FB",fb,sympathy_access,RU,topface,
,,,117271652,"2018-03-20 18:49:04",33,"2018-03-28 13:33:05",304,154,147,Голоса,vk,coinsPopupFrom51-1,RU,topface,
,,,117276115,"2018-03-20 20:34:53",4,"2018-03-21 01:03:05",304,154,147,Голоса,vk,super_from_side_menu,RU,topface,
,,,117271652,"2018-03-20 18:49:04",30,"2018-03-27 00:03:09",61,31,19,Голоса,vk,coinsPopupFrom51-1,RU,topface,coin.one
597,12,"2018-03-20 16:44:36",117267843,"2018-03-20 16:44:36",24,"2018-03-30 16:09:23",70,68,19,"Деньги от Ninja",st,sympathy_access,RU,standalonetf,coin.one
,,,117271652,"2018-03-20 18:49:04",26,"2018-03-25 09:26:37",122,62,19,Голоса,vk,sympathy_access,RU,topface,coin.two
597,12,"2018-03-20 19:11:50",117272502,"2018-03-20 19:11:50",2,"2018-03-20 19:18:39",500,485,19,"Деньги от Ninja",st,coins_popup_buy_leadership_from_ribbon,TR,topfacemobappandroid,coin.two
,,,117271652,"2018-03-20 18:49:04",15,"2018-03-23 16:07:29",123,62,19,Голоса,vk,sympathy_access,RU,topface,coin.two
,,,117276115,"2018-03-20 20:34:53",35,"2018-03-27 16:00:05",306,297,127,"Деньги от Ninja",vk,coins_popup_navigation,RU,topface,coin.two
,,,117276115,"2018-03-20 20:34:53",37,"2018-03-27 16:01:56",306,297,19,"Деньги от Ninja",vk,coins_popup_navigation,RU,topface,coin.two