filters,filters,"created per month","Sum of revenue_in_month.1501.total","Sum of revenue_in_month.1502.total","Sum of revenue_in_month.1503.total","Sum of revenue_in_month.1504.total","Sum of revenue_in_month.1505.total","Sum of revenue_in_month.1506.total","Sum of revenue_in_month.1507.total","Sum of revenue_in_month.1508.total","Sum of revenue_in_month.1509.total","Sum of revenue_in_month.1510.total","Sum of revenue_in_month.1511.total","Sum of revenue_in_month.1512.total","Sum of revenue_in_month.1601.total","Sum of revenue_in_month.1602.total","Sum of revenue_in_month.1603.total","Sum of revenue_in_month.1604.total","Sum of revenue_in_month.1605.total","Sum of revenue_in_month.1606.total","Sum of revenue_in_month.1607.total"
"referral:0","first_app:topfacemobappandroid","2015-01-01 00:00:00","638,402","715,182","679,478","374,693","409,266","374,733","289,481","249,050","126,620","94,826","134,699","82,996","42,106","77,899","56,480","38,884","38,746","36,264","28,137"
"referral:0","first_app:topfacemobappandroid","2015-02-01 00:00:00",0,"610,555","707,747","398,492","302,829","376,231","291,823","305,223","181,462","94,586","85,149","162,890","56,982","42,056","54,695","64,335","31,879","26,511","32,900"
"referral:0","first_app:topfacemobappandroid","2015-03-01 00:00:00",0,0,"786,902","562,843","318,969","398,670","345,771","368,389","242,854","137,228","97,318","116,436","60,993","44,505","47,936","54,717","45,495","34,069","38,015"
"referral:0","first_app:topfacemobappandroid","2015-04-01 00:00:00",0,0,0,"587,218","532,805","528,128","414,834","345,404","298,284","190,268","153,972","92,076","60,893","47,890","65,299","51,849","61,911","41,302","42,049"
"referral:0","first_app:topfacemobappandroid","2015-05-01 00:00:00",0,0,0,0,"644,581","717,389","519,362","435,623","287,950","205,285","106,406","130,623","42,070","36,394","35,937","31,489","32,881","33,049","25,063"
"referral:0","first_app:topfacemobappandroid","2015-06-01 00:00:00",0,0,0,0,0,"1,443,731","1,439,597","698,094","305,949","307,761","181,127","166,447","65,434","47,141","52,651","46,077","39,373","37,731","34,020"
"referral:0","first_app:topfacemobappandroid","2015-07-01 00:00:00",0,0,0,0,0,0,"1,540,645","911,216","495,649","328,899","220,127","157,698","105,717","55,923","65,122","40,654","55,750","45,831","54,698"
"referral:0","first_app:topfacemobappandroid","2015-08-01 00:00:00",0,0,0,0,0,0,0,"1,523,660","595,213","394,218","156,931","138,000","73,153","68,151","74,293","62,065","52,532","41,502","36,819"
"referral:0","first_app:topfacemobappandroid","2015-09-01 00:00:00",0,0,0,0,0,0,0,0,"1,118,530","749,258","327,955","193,028","97,998","71,022","87,591","68,592","66,459","75,737","65,236"
"referral:0","first_app:topfacemobappandroid","2015-10-01 00:00:00",0,0,0,0,0,0,0,0,0,"837,668","461,343","287,632","100,958","74,228","80,491","58,117","52,433","40,730","42,780"
"referral:0","first_app:topfacemobappandroid","2015-11-01 00:00:00",0,0,0,0,0,0,0,0,0,0,"960,710","715,426","214,966","149,325","161,348","109,281","91,421","90,274","72,089"
"referral:0","first_app:topfacemobappandroid","2015-12-01 00:00:00",0,0,0,0,0,0,0,0,0,0,0,"1,101,914","430,669","233,349","210,636","118,350","96,689","77,966","81,784"
"referral:0","first_app:topfacemobappandroid","2016-01-01 00:00:00",0,0,0,0,0,0,0,0,0,0,0,0,"637,309","413,879","278,288","153,785","129,397","86,701","94,983"
"referral:0","first_app:topfacemobappandroid","2016-02-01 00:00:00",0,0,0,0,0,0,0,0,165,0,0,0,0,"694,673","483,601","239,043","189,908","113,097","100,431"
"referral:0","first_app:topfacemobappandroid","2016-03-01 00:00:00",0,0,0,0,0,0,0,0,0,0,0,0,0,0,"714,126","416,342","249,824","143,584","136,563"
"referral:0","first_app:topfacemobappandroid","2016-04-01 00:00:00",0,0,0,0,0,0,0,0,0,0,0,0,0,0,0,"551,785","347,553","198,774","143,396"
"referral:0","first_app:topfacemobappandroid","2016-05-01 00:00:00",0,0,0,0,0,0,0,0,0,0,0,0,0,0,0,0,"518,382","319,250","176,266"
"referral:0","first_app:topfacemobappandroid","2016-06-01 00:00:00",0,0,0,0,0,0,0,0,0,0,0,0,0,0,0,0,0,"484,460","357,009"
"referral:0","first_app:topfacemobappandroid","2016-07-01 00:00:00",0,0,0,0,0,0,0,0,0,0,0,0,0,0,0,0,0,"4,859","626,935"
"referral:0","first_app:topfacemobappandroid","2016-08-01 00:00:00",0,0,0,0,0,0,0,0,0,0,0,0,0,972,"6,688",0,"2,754",209,"1,045"
"referral:0","first_app:topfacemobappandroid","2016-09-01 00:00:00",0,0,0,0,0,0,0,0,0,0,0,0,0,0,"3,825",968,"2,178","2,051","4,455"
"referral:0","first_app:topfacemobappandroid","2016-10-01 00:00:00",0,0,0,0,0,0,0,0,0,0,0,0,0,0,0,0,0,0,0
"referral:0","first_app:topfacemobappandroid","2016-11-01 00:00:00",0,0,0,0,0,0,0,0,0,0,0,0,0,0,0,0,0,0,0
"referral:0","first_app:topfacemobappandroid","2016-12-01 00:00:00",0,0,0,0,0,0,0,0,0,0,0,0,0,0,0,0,0,0,0
"referral:0","first_app:topfacemobappandroid","2017-01-01 00:00:00",0,0,0,0,0,0,0,0,0,0,0,0,0,0,0,0,0,0,0
"referral:0","first_app:topfacemobappandroid","2017-02-01 00:00:00",0,0,0,0,0,0,0,0,0,0,0,0,0,0,0,0,0,0,0
"referral:0","first_app:topfacemobappandroid","2017-03-01 00:00:00",0,0,0,0,0,0,0,0,0,0,0,0,0,0,0,0,0,0,0
"referral:0","first_app:topfacemobappandroid","2017-04-01 00:00:00",0,0,0,0,0,0,0,0,0,0,0,0,0,0,0,0,0,0,0
"referral:0","first_app:topfacemobappandroid","2017-05-01 00:00:00",0,0,0,0,0,0,0,0,0,0,0,0,0,0,0,0,0,0,0
"referral:0","first_app:topfacemobappandroid","2017-06-01 00:00:00",0,0,0,0,0,0,0,0,0,0,0,0,0,0,0,0,0,0,0
"referral:0","first_app:topfacemobappandroid","2017-07-01 00:00:00",0,0,0,0,0,0,0,0,0,0,0,0,0,0,0,0,0,0,0
"referral:0","first_app:topfacemobappandroid","2017-08-01 00:00:00",0,0,0,0,0,0,0,0,0,0,0,0,0,0,0,0,0,0,0
"referral:0","first_app:topfacemobappandroid","2017-09-01 00:00:00",0,0,0,0,0,0,0,0,0,0,0,0,0,0,0,0,0,0,0
"referral:0","first_app:topfacemobappandroid","2017-10-01 00:00:00",0,0,0,0,0,0,0,0,0,0,0,0,0,0,0,0,0,0,0
"referral:0","first_app:topfacemobappandroid","2017-11-01 00:00:00",0,0,0,0,0,0,0,0,0,0,0,0,0,0,0,0,0,0,0
"referral:0","first_app:topfacemobappandroid","2017-12-01 00:00:00",0,0,0,0,0,0,0,0,0,0,0,0,0,0,0,0,0,0,0
"referral:0","first_app:topfacemobappandroid","2018-01-01 00:00:00",0,0,0,0,0,0,0,0,0,0,0,0,0,0,0,0,0,0,0
"referral:0","first_app:topfacemobappandroid","2018-02-01 00:00:00",0,0,0,0,0,0,0,0,0,0,0,0,0,0,0,0,0,0,0
"referral:0","first_app:topfacemobappandroid","2018-03-01 00:00:00",0,0,0,0,0,0,0,0,0,0,0,0,0,0,0,0,0,0,0
"referral:0","first_app:topfacemobappandroid","2018-04-01 00:00:00",0,0,0,0,0,0,0,0,0,0,0,0,0,0,0,0,0,0,0
"referral:0","first_app:topfacemobappios","2015-01-01 00:00:00","717,929","586,030","383,059","287,928","190,306","439,238","403,857","320,347","221,008","195,350","185,287","147,471","120,637","102,980","86,632","85,238","90,430","77,045","80,190"
"referral:0","first_app:topfacemobappios","2015-02-01 00:00:00",0,"566,783","514,851","449,652","356,309","506,932","455,603","259,206","190,572","166,953","136,550","156,519","111,579","129,123","95,839","62,404","63,034","62,098","59,640"
"referral:0","first_app:topfacemobappios","2015-03-01 00:00:00",0,0,"471,336","439,806","232,342","546,003","446,220","307,600","290,890","269,215","155,745","153,780","130,609","92,476","124,733","88,671","73,387","70,810","61,188"
"referral:0","first_app:topfacemobappios","2015-04-01 00:00:00",0,0,0,"831,080","667,910","581,476","512,216","400,686","252,976","295,267","229,416","186,734","111,355","94,797","85,349","65,490","54,103","63,855","61,583"
"referral:0","first_app:topfacemobappios","2015-05-01 00:00:00",0,0,0,0,"772,571","1,250,217","770,099","546,317","385,616","329,061","242,721","216,535","136,788","99,809","98,058","81,717","85,160","75,976","82,285"
"referral:0","first_app:topfacemobappios","2015-06-01 00:00:00",0,0,0,0,0,"1,473,727","1,201,366","820,943","630,189","371,172","263,562","216,105","171,091","104,431","98,864","95,927","81,888","73,854","77,651"
"referral:0","first_app:topfacemobappios","2015-07-01 00:00:00",0,0,0,0,0,0,"1,363,775","962,803","734,391","412,862","248,827","228,596","136,553","111,347","98,142","79,831","67,676","83,266","84,434"
"referral:0","first_app:topfacemobappios","2015-08-01 00:00:00",0,0,0,0,0,0,0,"1,192,212","911,170","649,853","379,109","302,055","154,339","140,156","119,358","92,347","99,540","74,232","68,461"
"referral:0","first_app:topfacemobappios","2015-09-01 00:00:00",0,0,0,0,0,0,0,0,"783,279","637,102","279,141","306,365","159,573","113,678","136,192","99,463","86,801","76,200","62,285"
"referral:0","first_app:topfacemobappios","2015-10-01 00:00:00",0,0,0,0,0,0,0,0,0,"821,680","542,673","308,105","200,144","126,952","124,579","109,767","90,899","92,200","82,304"
"referral:0","first_app:topfacemobappios","2015-11-01 00:00:00",0,0,0,0,0,0,0,0,0,0,"914,708","599,785","339,432","227,584","192,186","141,453","131,693","114,272","106,952"
"referral:0","first_app:topfacemobappios","2015-12-01 00:00:00",0,0,0,0,0,0,0,0,0,0,0,"953,335","547,702","276,178","240,893","186,442","171,609","133,358","124,089"
"referral:0","first_app:topfacemobappios","2016-01-01 00:00:00",0,0,0,0,0,0,0,0,0,0,0,0,"775,875","640,551","362,190","246,462","207,305","157,349","146,698"
"referral:0","first_app:topfacemobappios","2016-02-01 00:00:00",0,0,0,0,0,0,0,0,0,0,0,0,0,"709,401","453,493","241,864","205,825","159,021","126,260"
"referral:0","first_app:topfacemobappios","2016-03-01 00:00:00",0,0,0,0,0,0,0,0,0,0,0,0,0,0,"691,166","479,616","255,758","207,570","197,593"
"referral:0","first_app:topfacemobappios","2016-04-01 00:00:00",0,0,0,0,0,0,0,0,0,0,0,0,0,0,0,"791,923","562,801","333,926","240,115"
"referral:0","first_app:topfacemobappios","2016-05-01 00:00:00",0,0,0,0,0,0,0,0,0,0,0,0,0,0,0,0,"845,502","708,696","388,216"
"referral:0","first_app:topfacemobappios","2016-06-01 00:00:00",0,0,0,0,0,0,0,0,0,0,0,0,0,0,0,0,0,"919,148","781,628"
"referral:0","first_app:topfacemobappios","2016-07-01 00:00:00",0,0,0,0,0,0,0,0,0,0,0,0,0,0,0,126,0,"1,741","960,608"
"referral:0","first_app:topfacemobappios","2016-08-01 00:00:00",0,0,0,0,0,0,0,0,0,0,0,0,0,0,0,0,0,0,0
"referral:0","first_app:topfacemobappios","2016-09-01 00:00:00",0,0,0,0,0,0,0,0,0,0,0,0,0,0,0,0,0,0,0
"referral:0","first_app:topfacemobappios","2016-10-01 00:00:00",0,0,0,0,0,0,0,0,0,0,0,0,0,0,0,0,0,0,0
"referral:0","first_app:topfacemobappios","2016-11-01 00:00:00",0,0,0,0,0,0,0,0,0,0,0,0,0,0,0,0,0,0,0
"referral:0","first_app:topfacemobappios","2016-12-01 00:00:00",0,0,0,0,0,0,0,0,0,0,0,0,0,0,0,0,0,0,0
"referral:0","first_app:topfacemobappios","2017-01-01 00:00:00",0,0,0,0,0,0,0,0,0,0,0,0,0,0,0,0,0,0,0
"referral:0","first_app:topfacemobappios","2017-02-01 00:00:00",0,0,0,0,0,0,0,0,0,0,0,0,0,0,0,0,0,0,0
"referral:0","first_app:topfacemobappios","2017-03-01 00:00:00",0,0,0,0,0,0,0,0,0,0,0,0,0,0,0,0,0,0,0
"referral:0","first_app:topfacemobappios","2017-04-01 00:00:00",0,0,0,0,0,0,0,0,0,0,0,0,0,0,0,0,0,0,0
"referral:0","first_app:topfacemobappios","2017-05-01 00:00:00",0,0,0,0,0,0,0,0,0,0,0,0,0,0,0,0,0,0,0
"referral:0","first_app:topfacemobappios","2017-06-01 00:00:00",0,0,0,0,0,0,0,0,0,0,0,0,0,0,0,0,0,0,0
"referral:0","first_app:topfacemobappios","2017-07-01 00:00:00",0,0,0,0,0,0,0,0,0,0,0,0,0,0,0,0,0,0,0
"referral:0","first_app:topfacemobappios","2017-08-01 00:00:00",0,0,0,0,0,0,0,0,0,0,0,0,0,0,0,0,0,0,0
"referral:0","first_app:topfacemobappios","2017-09-01 00:00:00",0,0,0,0,0,0,0,0,0,0,0,0,0,0,0,0,0,0,0
"referral:0","first_app:topfacemobappios","2017-10-01 00:00:00",0,0,0,0,0,0,0,0,0,0,0,0,0,0,0,0,0,0,0
"referral:0","first_app:topfacemobappios","2017-11-01 00:00:00",0,0,0,0,0,0,0,0,0,0,0,0,0,0,0,0,0,0,0
"referral:0","first_app:topfacemobappios","2017-12-01 00:00:00",0,0,0,0,0,0,0,0,0,0,0,0,0,0,0,0,0,0,0
"referral:0","first_app:topfacemobappios","2018-01-01 00:00:00",0,0,0,0,0,0,0,0,0,0,0,0,0,0,0,0,0,0,0
"referral:0","first_app:topfacemobappios","2018-02-01 00:00:00",0,0,0,0,0,0,0,0,0,0,0,0,0,0,0,0,0,0,0
"referral:0","first_app:topfacemobappios","2018-03-01 00:00:00",0,0,0,0,0,0,0,0,0,0,0,0,0,0,0,0,0,0,0
"referral:0","first_app:topfacemobappios","2018-04-01 00:00:00",0,0,0,0,0,0,0,0,0,0,0,0,0,0,0,0,0,0,0
"referral:0","first_app:standalonetf","2015-01-01 00:00:00","5,400,130","4,265,390","2,721,269","1,731,946","1,193,294","997,626","784,915","515,908","366,857","358,581","314,983","204,007","57,524","31,857","25,114","24,004","28,571","19,546","30,805"
"referral:0","first_app:standalonetf","2015-02-01 00:00:00",0,"4,630,925","3,946,520","1,834,427","1,095,450","849,063","925,093","991,439","646,097","525,628","279,935","347,550","51,190","26,861","31,166","20,379","18,532","29,274","19,406"
"referral:0","first_app:standalonetf","2015-03-01 00:00:00",0,0,"4,822,522","3,845,443","2,477,025","1,287,988","969,984","617,754","421,066","291,291","258,717","166,291","48,296","24,078","30,441","35,380","27,161","19,951","19,888"
"referral:0","first_app:standalonetf","2015-04-01 00:00:00",0,0,0,"3,569,586","3,111,899","1,445,630","846,030","640,977","672,617","423,295","354,060","205,006","39,626","23,457","19,894","34,827","26,226","28,804","29,294"
"referral:0","first_app:standalonetf","2015-05-01 00:00:00",0,0,0,0,"2,841,519","2,045,274","1,275,267","785,822","598,760","461,823","271,438","207,665","59,049","50,905","46,548","53,303","39,023","38,810","30,573"
"referral:0","first_app:standalonetf","2015-06-01 00:00:00",0,0,0,0,0,"2,747,944","2,547,039","1,303,627","930,601","848,102","424,859","200,161","54,531","35,246","46,720","36,386","28,241","26,324","19,177"
"referral:0","first_app:standalonetf","2015-07-01 00:00:00",0,0,0,0,0,0,"2,500,914","2,105,651","957,371","854,481","393,620","330,243","83,795","33,026","37,827","43,292","27,917","25,053","27,392"
"referral:0","first_app:standalonetf","2015-08-01 00:00:00",0,0,0,0,0,0,0,"2,232,796","1,728,664","1,331,141","960,989","618,645","97,306","30,899","33,921","44,779","34,167","32,562","26,972"
"referral:0","first_app:standalonetf","2015-09-01 00:00:00",0,0,0,"5,715",0,0,0,"6,801","1,815,277","1,690,292","796,056","461,002","126,369","111,449","58,382","36,721","26,575","25,262","33,725"
"referral:0","first_app:standalonetf","2015-10-01 00:00:00",0,0,0,0,0,0,0,0,0,"1,908,743","619,089","335,725","70,033","45,422","56,484","46,643","36,005","30,959","38,046"
"referral:0","first_app:standalonetf","2015-11-01 00:00:00",0,0,0,0,0,0,0,0,0,0,"1,794,174","817,885","112,092","66,114","65,330","65,378","57,541","44,026","42,958"
"referral:0","first_app:standalonetf","2015-12-01 00:00:00",0,0,0,0,0,0,0,0,0,0,0,"1,798,025","204,051","94,672","89,843","84,673","62,984","49,281","54,768"
"referral:0","first_app:standalonetf","2016-01-01 00:00:00",0,0,0,0,0,0,0,0,0,0,0,0,"306,074","194,771","146,843","78,282","66,666","66,218","63,333"
"referral:0","first_app:standalonetf","2016-02-01 00:00:00",0,0,0,0,0,0,0,0,0,0,0,0,0,"336,626","259,416","117,671","83,945","65,787","51,772"
"referral:0","first_app:standalonetf","2016-03-01 00:00:00",0,0,0,0,0,0,0,0,0,0,0,0,0,0,"491,212","293,967","139,576","91,581","91,157"
"referral:0","first_app:standalonetf","2016-04-01 00:00:00",0,0,0,0,0,0,0,0,0,0,0,0,0,0,0,"457,777","252,445","152,205","111,038"
"referral:0","first_app:standalonetf","2016-05-01 00:00:00",0,0,0,0,0,0,0,0,0,0,0,0,0,0,0,0,"463,825","238,223","131,646"
"referral:0","first_app:standalonetf","2016-06-01 00:00:00",0,0,0,0,0,0,0,0,0,0,0,0,0,0,0,0,0,"549,959","248,775"
"referral:0","first_app:standalonetf","2016-07-01 00:00:00",0,0,0,0,0,0,0,0,0,0,0,0,0,0,0,0,0,0,"630,693"
"referral:0","first_app:standalonetf","2016-08-01 00:00:00",0,0,0,0,0,0,0,0,0,0,0,0,0,0,0,0,0,0,55
"referral:0","first_app:standalonetf","2016-09-01 00:00:00",0,0,0,0,0,0,0,0,0,0,0,0,0,0,0,0,0,0,0
"referral:0","first_app:standalonetf","2016-10-01 00:00:00",0,0,0,0,0,0,0,0,0,0,0,0,0,0,0,0,0,0,0
"referral:0","first_app:standalonetf","2016-11-01 00:00:00",0,0,0,0,0,0,0,0,0,0,0,0,0,0,0,0,0,0,0
"referral:0","first_app:standalonetf","2016-12-01 00:00:00",0,0,0,0,0,0,0,0,0,0,0,0,0,0,0,0,0,0,0
"referral:0","first_app:standalonetf","2017-01-01 00:00:00",0,0,0,0,0,0,0,0,0,0,0,0,0,0,0,0,0,0,0
"referral:0","first_app:standalonetf","2017-02-01 00:00:00",0,0,0,0,0,0,0,0,0,0,0,0,0,0,0,0,0,0,0
"referral:0","first_app:standalonetf","2017-03-01 00:00:00",0,0,0,0,0,0,0,0,0,0,0,0,0,0,0,0,0,0,0
"referral:0","first_app:standalonetf","2017-04-01 00:00:00",0,0,0,0,0,0,0,0,0,0,0,0,0,0,0,0,0,0,0
"referral:0","first_app:standalonetf","2017-05-01 00:00:00",0,0,0,0,0,0,0,0,0,0,0,0,0,0,0,0,0,0,0
"referral:0","first_app:standalonetf","2017-06-01 00:00:00",0,0,0,0,0,0,0,0,0,0,0,0,0,0,0,0,0,0,0
"referral:0","first_app:standalonetf","2017-07-01 00:00:00",0,0,0,0,0,0,0,0,0,0,0,0,0,0,0,0,0,0,0
"referral:0","first_app:standalonetf","2017-08-01 00:00:00",0,0,0,0,0,0,0,0,0,0,0,0,0,0,0,0,0,0,0
"referral:0","first_app:standalonetf","2017-09-01 00:00:00",0,0,0,0,0,0,0,0,0,0,0,0,0,0,0,0,0,0,0
"referral:0","first_app:standalonetf","2017-10-01 00:00:00",0,"2,426","12,238","4,290","1,389",0,0,0,998,806,0,0,0,0,0,0,0,0,0
"referral:0","first_app:standalonetf","2017-11-01 00:00:00",0,0,0,0,0,0,0,0,0,0,0,0,0,0,0,0,0,0,0
"referral:0","first_app:standalonetf","2017-12-01 00:00:00",0,0,0,0,0,0,0,0,0,0,0,0,0,0,0,0,0,0,0
"referral:0","first_app:standalonetf","2018-01-01 00:00:00",0,0,0,0,0,0,0,0,0,0,0,0,0,0,0,0,0,0,0
"referral:0","first_app:standalonetf","2018-02-01 00:00:00",0,0,0,0,0,0,0,0,0,0,0,0,0,0,0,0,0,0,0
"referral:0","first_app:standalonetf","2018-03-01 00:00:00",0,0,0,0,0,0,0,0,0,0,0,0,0,0,0,0,0,0,0
"referral:0","first_app:standalonetf","2018-04-01 00:00:00",0,0,0,0,0,0,0,0,0,0,0,0,0,0,0,0,0,0,0
"referral:0","first_app:topface AND platform:vk","2015-01-01 00:00:00","405,442","259,066","301,139","221,071","214,931","125,760","147,120","182,241","156,631","94,178","72,358","72,668","35,597","16,261","23,750","15,588","17,144","17,189","17,528"
"referral:0","first_app:topface AND platform:vk","2015-02-01 00:00:00",0,"211,757","205,327","239,724","141,090","361,015","227,088","134,776","69,162","36,295","27,093","23,285","18,121","14,107","13,789","14,473","11,993","14,703","16,698"
"referral:0","first_app:topface AND platform:vk","2015-03-01 00:00:00",0,0,"284,745","333,460","144,059","148,574","107,634","70,481","43,629","42,442","47,072","60,521","25,137","17,743","14,930","17,293","11,830","14,874","15,850"
"referral:0","first_app:topface AND platform:vk","2015-04-01 00:00:00",0,0,0,"407,659","557,092","301,408","336,913","297,972","180,400","242,981","188,462","124,220","34,547","16,069","18,699","12,598","17,871","24,146","21,179"
"referral:0","first_app:topface AND platform:vk","2015-05-01 00:00:00",0,0,0,0,"207,030","224,677","165,530","181,165","150,103","84,849","72,797","21,075","17,443","13,703","14,139","11,176","12,112","12,048","14,987"
"referral:0","first_app:topface AND platform:vk","2015-06-01 00:00:00",0,0,0,0,0,"217,825","208,848","176,827","252,407","107,495","74,170","100,633","11,997","10,699","14,940","12,133","10,072","12,546","11,979"
"referral:0","first_app:topface AND platform:vk","2015-07-01 00:00:00",880,230,549,312,407,575,"221,745","312,738","237,577","243,968","169,840","114,306","27,405","14,931","16,779","16,001","14,161","14,844","12,635"
"referral:0","first_app:topface AND platform:vk","2015-08-01 00:00:00",0,0,0,0,0,0,0,"306,382","564,592","369,986","303,035","242,045","52,097","16,693","17,559","14,715","17,576","19,954","20,222"
"referral:0","first_app:topface AND platform:vk","2015-09-01 00:00:00",378,483,"1,288","1,542",344,515,46,523,"240,043","283,351","173,450","94,144","46,805","20,440","19,847","18,982","16,182","19,134","12,864"
"referral:0","first_app:topface AND platform:vk","2015-10-01 00:00:00",0,0,0,0,0,0,0,0,0,"235,070","235,159","114,504","43,170","29,644","33,822","30,673","26,153","23,810","23,375"
"referral:0","first_app:topface AND platform:vk","2015-11-01 00:00:00",0,0,0,0,0,0,0,0,0,0,"156,741","143,431","33,190","22,970","19,801","17,242","20,257","14,957","18,897"
"referral:0","first_app:topface AND platform:vk","2015-12-01 00:00:00",0,0,0,0,0,0,0,0,0,0,0,"144,390","64,265","26,527","22,054","14,194","12,835","13,477","18,340"
"referral:0","first_app:topface AND platform:vk","2016-01-01 00:00:00",229,430,860,395,458,801,"1,661",660,744,"56,854","56,922",687,"68,733","46,331","28,885","19,202","18,802","15,383","12,188"
"referral:0","first_app:topface AND platform:vk","2016-02-01 00:00:00",0,0,0,0,0,0,0,0,0,0,0,0,0,"69,843","60,273","33,361","21,686","20,921","16,595"
"referral:0","first_app:topface AND platform:vk","2016-03-01 00:00:00",0,0,0,0,0,0,0,0,0,0,0,0,0,0,"77,658","49,163","32,021","25,045","19,490"
"referral:0","first_app:topface AND platform:vk","2016-04-01 00:00:00",0,0,0,0,0,0,0,0,0,0,23,46,0,0,26,"61,362","37,231","22,127","18,388"
"referral:0","first_app:topface AND platform:vk","2016-05-01 00:00:00",0,0,0,0,0,0,0,0,0,0,0,0,0,0,0,0,"72,930","53,344","28,237"
"referral:0","first_app:topface AND platform:vk","2016-06-01 00:00:00",0,0,0,0,0,0,0,0,0,0,0,0,0,0,0,0,0,"87,560","71,127"
"referral:0","first_app:topface AND platform:vk","2016-07-01 00:00:00",0,0,0,0,0,0,0,0,0,0,0,0,0,0,0,0,0,0,"107,376"
"referral:0","first_app:topface AND platform:vk","2016-08-01 00:00:00",0,0,0,0,0,0,0,0,0,0,0,0,0,0,0,0,0,0,0
"referral:0","first_app:topface AND platform:vk","2016-09-01 00:00:00",0,0,0,0,0,0,0,0,0,0,0,0,0,0,0,0,0,0,0
"referral:0","first_app:topface AND platform:vk","2016-10-01 00:00:00",0,0,0,0,0,0,0,0,0,0,0,0,0,0,0,0,0,0,0
"referral:0","first_app:topface AND platform:vk","2016-11-01 00:00:00",0,0,0,0,0,0,0,0,0,0,0,0,0,0,0,0,0,0,0
"referral:0","first_app:topface AND platform:vk","2016-12-01 00:00:00",0,0,0,0,0,0,0,0,0,0,0,0,0,0,0,0,0,0,0
"referral:0","first_app:topface AND platform:vk","2017-01-01 00:00:00",0,0,0,0,0,0,0,0,0,0,0,0,0,0,0,0,0,0,0
"referral:0","first_app:topface AND platform:vk","2017-02-01 00:00:00",0,0,0,0,0,0,0,0,0,0,0,0,0,0,0,0,0,0,0
"referral:0","first_app:topface AND platform:vk","2017-03-01 00:00:00",0,0,0,0,0,0,0,0,0,0,0,0,0,0,0,0,0,0,0
"referral:0","first_app:topface AND platform:vk","2017-04-01 00:00:00",0,0,0,0,0,0,0,0,0,0,0,0,0,0,0,0,0,0,0
"referral:0","first_app:topface AND platform:vk","2017-05-01 00:00:00",0,0,0,0,0,0,0,0,0,0,0,0,0,0,0,0,0,0,0
"referral:0","first_app:topface AND platform:vk","2017-06-01 00:00:00",0,0,0,0,0,0,0,0,0,0,0,0,0,0,0,0,0,0,0
"referral:0","first_app:topface AND platform:vk","2017-07-01 00:00:00",0,0,0,0,0,0,0,0,0,0,0,0,0,0,0,0,0,0,0
"referral:0","first_app:topface AND platform:vk","2017-08-01 00:00:00",0,0,0,0,0,0,0,0,0,0,0,0,0,0,0,0,0,0,0
"referral:0","first_app:topface AND platform:vk","2017-09-01 00:00:00",0,0,0,0,0,0,0,0,0,0,0,0,0,0,0,0,0,0,0
"referral:0","first_app:topface AND platform:vk","2017-10-01 00:00:00",0,0,0,0,0,0,0,0,0,0,0,0,0,0,0,0,0,0,0
"referral:0","first_app:topface AND platform:vk","2017-11-01 00:00:00",0,0,0,0,0,0,0,0,0,0,0,0,0,0,0,0,0,0,0
"referral:0","first_app:topface AND platform:vk","2017-12-01 00:00:00",0,0,0,0,0,0,0,0,0,0,0,0,0,0,0,0,0,0,0
"referral:0","first_app:topface AND platform:vk","2018-01-01 00:00:00",0,0,0,0,0,0,0,0,0,0,0,0,0,0,0,0,0,0,0
"referral:0","first_app:topface AND platform:vk","2018-02-01 00:00:00",0,0,0,0,0,0,0,0,0,0,0,0,0,0,0,0,0,0,0
"referral:0","first_app:topface AND platform:vk","2018-03-01 00:00:00",0,0,0,0,0,0,0,0,0,0,0,0,0,0,0,0,0,0,0
"referral:0","first_app:topface AND platform:vk","2018-04-01 00:00:00",0,0,0,0,0,0,0,0,0,0,0,0,0,0,0,0,0,0,0
"referral:0","first_app:topface AND platform:ok","2015-01-01 00:00:00","509,096","897,248","459,065","316,484","279,183","154,557","222,144","98,957","180,410","168,449","67,079","67,315","28,112","20,689","16,832","12,869","10,523","8,269","11,560"
"referral:0","first_app:topface AND platform:ok","2015-02-01 00:00:00",0,"197,400","285,011","315,997","296,226","172,560","154,594","56,380","69,393","77,534","24,302","19,061","17,787","12,160","12,668","10,757","8,942","6,764","13,408"
"referral:0","first_app:topface AND platform:ok","2015-03-01 00:00:00",0,0,"403,051","701,326","307,582","466,686","337,030","326,159","171,011","198,949","121,096","78,416","17,159","11,493","14,322","13,161","13,883","8,559","9,379"
"referral:0","first_app:topface AND platform:ok","2015-04-01 00:00:00",0,0,0,"280,767","687,591","584,579","439,247","362,453","100,502","152,867","152,952","78,682","19,050","9,669","14,125","9,879","7,971","7,296","4,575"
"referral:0","first_app:topface AND platform:ok","2015-05-01 00:00:00",0,0,0,0,"290,199","527,557","290,185","187,148","175,145","81,769","41,583","53,464","13,222","10,346","7,710","8,295","9,159","10,508","11,632"
"referral:0","first_app:topface AND platform:ok","2015-06-01 00:00:00",0,0,0,0,0,"101,646","98,009","141,692","104,307","102,743","149,757","54,623","10,327","6,233","8,127","7,058","3,934","2,335","2,817"
"referral:0","first_app:topface AND platform:ok","2015-07-01 00:00:00",0,0,0,0,0,0,"164,711","224,056","74,871","27,705","17,265","39,294","11,135","7,753","9,528","5,836","6,135","6,844","9,375"
"referral:0","first_app:topface AND platform:ok","2015-08-01 00:00:00",0,0,0,0,0,0,0,"100,037","139,931","134,273","105,084","83,441","30,149","6,407","8,485","7,453","6,178","4,849","5,765"
"referral:0","first_app:topface AND platform:ok","2015-09-01 00:00:00",0,0,0,0,0,0,0,0,"86,460","55,647","64,116","28,102","11,439","7,805","5,228","5,329","5,875","5,853","4,632"
"referral:0","first_app:topface AND platform:ok","2015-10-01 00:00:00",0,0,0,0,0,0,0,0,0,"44,334","34,350","18,710","10,862","5,315","6,707","3,676","2,872","2,373","2,940"
"referral:0","first_app:topface AND platform:ok","2015-11-01 00:00:00",0,0,0,0,0,0,0,0,0,0,"43,742","39,164","16,385","9,462","8,171","6,397","6,629","6,447","9,260"
"referral:0","first_app:topface AND platform:ok","2015-12-01 00:00:00",0,0,0,0,0,0,0,0,0,0,0,"83,658","23,197","12,807","10,988","7,810","9,540","6,374","6,054"
"referral:0","first_app:topface AND platform:ok","2016-01-01 00:00:00",0,0,0,0,0,0,0,0,0,0,0,0,"40,558","24,231","14,071","11,101","5,169","4,266","3,398"
"referral:0","first_app:topface AND platform:ok","2016-02-01 00:00:00",0,0,0,0,0,0,0,0,0,0,0,0,0,"26,329","23,140","11,381","8,331","4,905","3,437"
"referral:0","first_app:topface AND platform:ok","2016-03-01 00:00:00",0,0,0,0,0,0,0,0,0,0,0,0,0,0,"38,072","33,870","15,471","12,180","12,423"
"referral:0","first_app:topface AND platform:ok","2016-04-01 00:00:00",0,0,0,0,0,0,0,0,0,0,0,0,0,0,0,"35,953","23,742","11,167","9,216"
"referral:0","first_app:topface AND platform:ok","2016-05-01 00:00:00",0,0,0,0,0,0,0,0,0,0,0,0,0,0,0,0,"29,421","19,513","12,260"
"referral:0","first_app:topface AND platform:ok","2016-06-01 00:00:00",0,0,0,0,0,0,0,0,0,0,0,0,0,0,0,0,0,"28,007","17,364"
"referral:0","first_app:topface AND platform:ok","2016-07-01 00:00:00",0,0,0,0,0,0,0,0,0,0,0,0,0,0,0,0,0,0,"36,824"
"referral:0","first_app:topface AND platform:ok","2016-08-01 00:00:00",0,0,0,0,0,0,0,0,0,0,0,0,0,0,0,0,0,0,0
"referral:0","first_app:topface AND platform:ok","2016-09-01 00:00:00",0,0,0,0,0,0,0,0,0,0,0,0,0,0,0,0,0,0,0
"referral:0","first_app:topface AND platform:ok","2016-10-01 00:00:00",0,0,0,0,0,0,0,0,0,0,0,0,0,0,0,0,0,0,0
"referral:0","first_app:topface AND platform:ok","2016-11-01 00:00:00",0,0,0,0,0,0,0,0,0,0,0,0,0,0,0,0,0,0,0
"referral:0","first_app:topface AND platform:ok","2016-12-01 00:00:00",0,0,0,0,0,0,0,0,0,0,0,0,0,0,0,0,0,0,0
"referral:0","first_app:topface AND platform:ok","2017-01-01 00:00:00",0,0,0,0,0,0,0,0,0,0,0,0,0,0,0,0,0,0,0
"referral:0","first_app:topface AND platform:ok","2017-02-01 00:00:00",0,0,0,0,0,0,0,0,0,0,0,0,0,0,0,0,0,0,0
"referral:0","first_app:topface AND platform:ok","2017-03-01 00:00:00",0,0,0,0,0,0,0,0,0,0,0,0,0,0,0,0,0,0,0
"referral:0","first_app:topface AND platform:ok","2017-04-01 00:00:00",0,0,0,0,0,0,0,0,0,0,0,0,0,0,0,0,0,0,0
"referral:0","first_app:topface AND platform:ok","2017-05-01 00:00:00",0,0,0,0,0,0,0,0,0,0,0,0,0,0,0,0,0,0,0
"referral:0","first_app:topface AND platform:ok","2017-06-01 00:00:00",0,0,0,0,0,0,0,0,0,0,0,0,0,0,0,0,0,0,0
"referral:0","first_app:topface AND platform:ok","2017-07-01 00:00:00",0,0,0,0,0,0,0,0,0,0,0,0,0,0,0,0,0,0,0
"referral:0","first_app:topface AND platform:ok","2017-08-01 00:00:00",0,0,0,0,0,0,0,0,0,0,0,0,0,0,0,0,0,0,0
"referral:0","first_app:topface AND platform:ok","2017-09-01 00:00:00",0,0,0,0,0,0,0,0,0,0,0,0,0,0,0,0,0,0,0
"referral:0","first_app:topface AND platform:ok","2017-10-01 00:00:00",0,0,0,0,0,0,0,0,0,0,0,0,0,0,0,0,0,0,0
"referral:0","first_app:topface AND platform:ok","2017-11-01 00:00:00",0,0,0,0,0,0,0,0,0,0,0,0,0,0,0,0,0,0,0
"referral:0","first_app:topface AND platform:ok","2017-12-01 00:00:00",0,0,0,0,0,0,0,0,0,0,0,0,0,0,0,0,0,0,0
"referral:0","first_app:topface AND platform:ok","2018-01-01 00:00:00",0,0,0,0,0,0,0,0,0,0,0,0,0,0,0,0,0,0,0
"referral:0","first_app:topface AND platform:ok","2018-02-01 00:00:00",0,0,0,0,0,0,0,0,0,0,0,0,0,0,0,0,0,0,0
"referral:0","first_app:topface AND platform:ok","2018-03-01 00:00:00",0,0,0,0,0,0,0,0,0,0,0,0,0,0,0,0,0,0,0
"referral:0","first_app:topface AND platform:ok","2018-04-01 00:00:00",0,0,0,0,0,0,0,0,0,0,0,0,0,0,0,0,0,0,0
"referral:0","first_app:topface AND platform:fb","2015-01-01 00:00:00","413,221","445,528","284,639","214,634","200,417","132,762","111,739","110,989","54,104","71,008","88,163","66,586","48,614","51,208","42,173","34,039","33,753","29,146","26,976"
"referral:0","first_app:topface AND platform:fb","2015-02-01 00:00:00",0,"399,458","296,843","174,495","167,754","181,233","113,197","77,047","56,528","66,125","89,305","40,865","40,556","35,505","39,256","22,451","28,717","23,301","22,700"
"referral:0","first_app:topface AND platform:fb","2015-03-01 00:00:00",0,0,"498,235","369,606","260,542","201,305","176,297","126,543","75,209","75,837","73,379","115,163","66,066","52,297","39,209","37,974","30,923","37,878","31,199"
"referral:0","first_app:topface AND platform:fb","2015-04-01 00:00:00",0,0,0,"520,804","282,641","212,361","159,956","97,541","100,876","138,591","62,068","48,328","58,586","35,467","38,451","39,169","27,979","32,387","21,813"
"referral:0","first_app:topface AND platform:fb","2015-05-01 00:00:00",0,"1,134",350,707,"253,118","249,114","107,786","75,994","42,278","49,021","38,261","32,734","23,687","26,369","25,101","13,565","18,724","18,401","17,571"
"referral:0","first_app:topface AND platform:fb","2015-06-01 00:00:00",0,0,0,0,0,"250,040","285,959","114,469","47,717","48,306","51,591","40,034","28,967","32,659","38,926","22,342","23,059","14,510","15,002"
"referral:0","first_app:topface AND platform:fb","2015-07-01 00:00:00",0,0,0,0,0,0,"122,960","57,631","33,220","56,998","44,456","17,756","21,191","21,698","23,661","14,352","19,902","14,393","13,857"
"referral:0","first_app:topface AND platform:fb","2015-08-01 00:00:00",0,0,0,0,0,0,0,"121,279","90,408","35,794","26,253","18,234","19,808","18,088","13,395","14,712","9,041","8,516","4,122"
"referral:0","first_app:topface AND platform:fb","2015-09-01 00:00:00",0,0,0,0,0,0,0,0,"61,412","102,721","88,731","32,289","19,858","13,939","13,844","7,690","10,396","6,632","8,656"
"referral:0","first_app:topface AND platform:fb","2015-10-01 00:00:00",0,0,0,0,0,0,0,0,0,"203,105","68,980","45,194","34,868","18,964","16,057","17,081","12,740","11,892","16,052"
"referral:0","first_app:topface AND platform:fb","2015-11-01 00:00:00",0,0,0,0,0,0,0,0,0,0,"88,982","79,997","46,133","32,311","28,348","23,068","23,910","27,398","22,604"
"referral:0","first_app:topface AND platform:fb","2015-12-01 00:00:00",0,0,0,0,0,0,0,0,0,0,0,"167,631","82,203","38,260","28,686","25,191","18,634","11,314","14,312"
"referral:0","first_app:topface AND platform:fb","2016-01-01 00:00:00",0,0,0,0,0,0,0,0,0,0,0,0,"101,875","61,005","42,617","28,129","23,343","16,238","16,057"
"referral:0","first_app:topface AND platform:fb","2016-02-01 00:00:00",0,0,0,0,0,0,0,0,0,0,0,0,0,"137,280","52,901","25,040","25,942","11,875","21,214"
"referral:0","first_app:topface AND platform:fb","2016-03-01 00:00:00",0,0,0,0,0,0,0,0,0,0,0,0,0,0,"71,008","46,281","28,823","20,160","17,616"
"referral:0","first_app:topface AND platform:fb","2016-04-01 00:00:00",0,0,0,0,0,0,0,0,0,0,0,0,0,0,0,"46,263","26,140","11,476","23,425"
"referral:0","first_app:topface AND platform:fb","2016-05-01 00:00:00",0,0,0,0,0,0,0,0,0,0,0,0,0,0,0,0,"56,079","29,726","17,758"
"referral:0","first_app:topface AND platform:fb","2016-06-01 00:00:00",0,0,0,0,0,0,0,0,0,0,0,0,0,0,0,0,0,"61,605","33,131"
"referral:0","first_app:topface AND platform:fb","2016-07-01 00:00:00",0,0,0,0,0,0,0,0,0,0,0,0,0,0,0,0,0,0,"42,617"
"referral:0","first_app:topface AND platform:fb","2016-08-01 00:00:00",0,0,0,0,0,0,0,0,0,0,0,0,0,0,0,0,0,0,0
"referral:0","first_app:topface AND platform:fb","2016-09-01 00:00:00",0,0,0,0,0,0,0,0,0,0,0,0,0,0,0,0,0,0,0
"referral:0","first_app:topface AND platform:fb","2016-10-01 00:00:00",0,0,0,0,0,0,0,0,0,0,0,0,0,0,0,0,0,0,0
"referral:0","first_app:topface AND platform:fb","2016-11-01 00:00:00",0,0,0,0,0,0,0,0,0,0,0,0,0,0,0,0,0,0,0
"referral:0","first_app:topface AND platform:fb","2016-12-01 00:00:00",0,0,0,0,0,0,0,0,0,0,0,0,0,0,0,0,0,0,0
"referral:0","first_app:topface AND platform:fb","2017-01-01 00:00:00",0,0,0,0,0,0,0,0,0,0,0,0,0,0,0,0,0,0,0
"referral:0","first_app:topface AND platform:fb","2017-02-01 00:00:00",0,0,0,0,0,0,0,0,0,0,0,0,0,0,0,0,0,0,0
"referral:0","first_app:topface AND platform:fb","2017-03-01 00:00:00",0,0,0,0,0,0,0,0,0,0,0,0,0,0,0,0,0,0,0
"referral:0","first_app:topface AND platform:fb","2017-04-01 00:00:00",0,0,0,0,0,0,0,0,0,0,0,0,0,0,0,0,0,0,0
"referral:0","first_app:topface AND platform:fb","2017-05-01 00:00:00",0,0,0,0,0,0,0,0,0,0,0,0,0,0,0,0,0,0,0
"referral:0","first_app:topface AND platform:fb","2017-06-01 00:00:00",0,0,0,0,0,0,0,0,0,0,0,0,0,0,0,0,0,0,0
"referral:0","first_app:topface AND platform:fb","2017-07-01 00:00:00",0,0,0,0,0,0,0,0,0,0,0,0,0,0,0,0,0,0,0
"referral:0","first_app:topface AND platform:fb","2017-08-01 00:00:00",0,0,0,0,0,0,0,0,0,0,0,0,0,0,0,0,0,0,0
"referral:0","first_app:topface AND platform:fb","2017-09-01 00:00:00",0,0,0,0,0,0,0,0,0,0,0,0,0,0,0,0,0,0,0
"referral:0","first_app:topface AND platform:fb","2017-10-01 00:00:00",0,0,0,0,0,0,0,0,0,0,0,0,0,0,0,0,0,0,0
"referral:0","first_app:topface AND platform:fb","2017-11-01 00:00:00",0,0,0,0,0,0,0,0,0,0,0,0,0,0,0,0,0,0,0
"referral:0","first_app:topface AND platform:fb","2017-12-01 00:00:00",0,0,0,0,0,0,0,0,0,0,0,0,0,0,0,0,0,0,0
"referral:0","first_app:topface AND platform:fb","2018-01-01 00:00:00",0,0,0,0,0,0,0,0,0,0,0,0,0,0,0,0,0,0,0
"referral:0","first_app:topface AND platform:fb","2018-02-01 00:00:00",0,0,0,0,0,0,0,0,0,0,0,0,0,0,0,0,0,0,0
"referral:0","first_app:topface AND platform:fb","2018-03-01 00:00:00",0,0,0,0,0,0,0,0,0,0,0,0,0,0,0,0,0,0,0
"referral:0","first_app:topface AND platform:fb","2018-04-01 00:00:00",0,0,0,0,0,0,0,0,0,0,0,0,0,0,0,0,0,0,0
"referral:1","first_app:topfacemobappandroid","2015-01-01 00:00:00","70,844","54,440","40,567","2,501","2,275","3,326","7,946","2,447","4,786",723,535,431,0,51,57,59,0,0,0
"referral:1","first_app:topfacemobappandroid","2015-02-01 00:00:00",0,"16,689","13,315","4,666","10,386","7,388","7,030","7,535","4,470","3,556","6,055","1,460","1,804",663,799,"2,096","2,317","2,382","1,488"
"referral:1","first_app:topfacemobappandroid","2015-03-01 00:00:00",0,0,"32,245","10,510","3,350","4,113","6,335","8,313","5,051","5,125","4,404","1,884",999,"3,365","2,910","3,502","2,513","2,355","2,009"
"referral:1","first_app:topfacemobappandroid","2015-04-01 00:00:00",0,0,0,516,0,0,0,0,0,0,0,0,0,0,0,0,0,0,0
"referral:1","first_app:topfacemobappandroid","2015-05-01 00:00:00",0,0,0,0,88,220,483,703,74,150,109,0,0,0,0,106,0,0,0
"referral:1","first_app:topfacemobappandroid","2015-06-01 00:00:00",0,0,0,0,0,"15,950","28,144","10,605","3,459","2,547","2,137","1,064",560,332,"3,093",938,"3,432",201,"3,123"
"referral:1","first_app:topfacemobappandroid","2015-07-01 00:00:00",0,0,0,0,0,0,"231,708","165,921","104,154","27,968","44,164","9,731","6,023","5,595","5,222","5,629","4,378","3,983","5,444"
"referral:1","first_app:topfacemobappandroid","2015-08-01 00:00:00",0,0,0,0,0,0,0,"140,849","70,806","18,948","13,998","10,838","3,670","2,608","3,082","4,057","3,031","2,195","2,513"
"referral:1","first_app:topfacemobappandroid","2015-09-01 00:00:00",0,0,0,0,0,0,0,0,"88,987","110,506","47,844","41,104","15,507","9,963","16,199","5,853","5,999","5,821","5,300"
"referral:1","first_app:topfacemobappandroid","2015-10-01 00:00:00",0,0,0,0,0,0,0,0,0,"334,212","193,543","145,797","66,183","49,357","56,422","29,880","30,779","32,333","29,277"
"referral:1","first_app:topfacemobappandroid","2015-11-01 00:00:00",0,0,0,0,0,0,0,0,0,0,"369,902","247,147","80,423","47,735","45,348","40,395","29,081","20,684","20,689"
"referral:1","first_app:topfacemobappandroid","2015-12-01 00:00:00",0,0,0,0,0,0,0,0,0,0,0,"248,817","169,640","61,329","69,827","42,392","32,792","34,050","29,477"
"referral:1","first_app:topfacemobappandroid","2016-01-01 00:00:00",0,0,0,0,0,0,0,0,0,0,0,0,"323,449","184,199","111,095","61,157","42,523","35,176","36,006"
"referral:1","first_app:topfacemobappandroid","2016-02-01 00:00:00",0,0,0,0,0,0,0,0,0,0,0,0,0,"264,696","198,576","88,415","60,602","38,526","36,314"
"referral:1","first_app:topfacemobappandroid","2016-03-01 00:00:00",0,0,0,0,0,0,0,0,0,0,0,0,0,0,"290,258","156,745","92,811","55,893","43,181"
"referral:1","first_app:topfacemobappandroid","2016-04-01 00:00:00",0,0,0,0,0,0,0,0,0,0,0,0,0,0,0,"311,887","218,045","117,246","94,714"
"referral:1","first_app:topfacemobappandroid","2016-05-01 00:00:00",0,0,0,0,0,0,0,0,0,0,0,0,0,0,0,0,"523,244","370,283","238,099"
"referral:1","first_app:topfacemobappandroid","2016-06-01 00:00:00",0,0,0,0,0,0,0,0,0,0,0,0,0,0,0,0,0,"781,543","441,672"
"referral:1","first_app:topfacemobappandroid","2016-07-01 00:00:00",0,0,0,0,0,0,0,0,0,0,0,0,0,0,0,0,0,0,"1,054,071"
"referral:1","first_app:topfacemobappandroid","2016-08-01 00:00:00",0,0,0,0,0,0,0,0,0,0,0,0,0,0,0,0,0,0,0
"referral:1","first_app:topfacemobappandroid","2016-09-01 00:00:00",0,0,0,0,0,0,0,0,0,0,0,0,0,0,0,0,0,0,0
"referral:1","first_app:topfacemobappandroid","2016-10-01 00:00:00",0,0,0,0,0,0,0,0,0,0,0,0,0,0,0,0,0,0,0
"referral:1","first_app:topfacemobappandroid","2016-11-01 00:00:00",0,0,0,0,0,0,0,0,0,0,0,0,0,0,0,0,0,0,0
"referral:1","first_app:topfacemobappandroid","2016-12-01 00:00:00",0,0,0,0,0,0,0,0,0,0,0,0,0,0,0,0,0,0,0
"referral:1","first_app:topfacemobappandroid","2017-01-01 00:00:00",0,0,0,0,0,0,0,0,0,0,0,0,0,0,0,0,0,0,0
"referral:1","first_app:topfacemobappandroid","2017-02-01 00:00:00",0,0,0,0,0,0,0,0,0,0,0,0,0,0,0,0,0,0,0
"referral:1","first_app:topfacemobappandroid","2017-03-01 00:00:00",0,0,0,0,0,0,0,0,0,0,0,0,0,0,0,0,0,0,0
"referral:1","first_app:topfacemobappandroid","2017-04-01 00:00:00",0,0,0,0,0,0,0,0,0,0,0,0,0,0,0,0,0,0,0
"referral:1","first_app:topfacemobappandroid","2017-05-01 00:00:00",0,0,0,0,0,0,0,0,0,0,0,0,0,0,0,0,0,0,0
"referral:1","first_app:topfacemobappandroid","2017-06-01 00:00:00",0,0,0,0,0,0,0,0,0,0,0,0,0,0,0,0,0,0,0
"referral:1","first_app:topfacemobappandroid","2017-07-01 00:00:00",0,0,0,0,0,0,0,0,0,0,0,0,0,0,0,0,0,0,0
"referral:1","first_app:topfacemobappandroid","2017-08-01 00:00:00",0,0,0,0,0,0,0,0,0,0,0,0,0,0,0,0,0,0,0
"referral:1","first_app:topfacemobappandroid","2017-09-01 00:00:00",0,0,0,0,0,0,0,0,0,0,0,0,0,0,0,0,0,0,0
"referral:1","first_app:topfacemobappandroid","2017-10-01 00:00:00",0,0,0,0,0,0,0,0,0,0,0,0,0,0,0,0,0,0,0
"referral:1","first_app:topfacemobappandroid","2017-11-01 00:00:00",0,0,0,0,0,0,0,0,0,0,0,0,0,0,0,0,0,0,0
"referral:1","first_app:topfacemobappandroid","2017-12-01 00:00:00",0,0,0,0,0,0,0,0,0,0,0,0,0,0,0,0,0,0,0
"referral:1","first_app:topfacemobappandroid","2018-01-01 00:00:00",0,0,0,0,0,0,0,0,0,0,0,0,0,0,0,0,0,0,0
"referral:1","first_app:topfacemobappandroid","2018-02-01 00:00:00",0,0,0,0,0,0,0,0,0,0,0,0,0,0,0,0,0,0,0
"referral:1","first_app:topfacemobappandroid","2018-03-01 00:00:00",0,0,0,0,0,0,0,0,0,0,0,0,0,0,0,0,0,0,0
"referral:1","first_app:topfacemobappandroid","2018-04-01 00:00:00",0,0,0,0,0,0,0,0,0,0,0,0,0,0,0,0,0,0,0
"referral:1","first_app:topfacemobappios","2015-01-01 00:00:00","11,690","99,326","36,476","187,315","2,921","19,137","10,210","4,926","7,531","10,129","7,260","5,008","1,885","1,081","3,979","4,065","6,552","4,356","5,518"
"referral:1","first_app:topfacemobappios","2015-02-01 00:00:00",0,"81,257","72,387","71,991","66,747","32,467","29,091","25,531","21,066","13,504","109,652","33,709","9,861","12,105","7,155","7,374","9,228","7,414","9,178"
"referral:1","first_app:topfacemobappios","2015-03-01 00:00:00",0,0,"49,641","60,858","77,394","96,634","79,403","92,676","46,563","61,787","10,107","9,084","9,357","8,903","15,197","8,221","6,021","6,331","7,720"
"referral:1","first_app:topfacemobappios","2015-04-01 00:00:00",0,0,0,"2,000","2,029","18,948","13,465","10,482","5,478","6,519","6,599","6,264","5,377","1,020","2,261","2,150",638,"1,613","2,521"
"referral:1","first_app:topfacemobappios","2015-05-01 00:00:00",0,0,0,0,"1,127","2,733","1,106",913,709,932,"1,087","3,985","3,567","1,602","1,143",968,975,"1,231",995
"referral:1","first_app:topfacemobappios","2015-06-01 00:00:00",0,0,0,0,0,"12,619","12,746","6,374","4,918","2,075",940,"2,120","2,319","2,436","1,640",708,"1,047","1,283",257
"referral:1","first_app:topfacemobappios","2015-07-01 00:00:00",0,0,0,0,0,0,"28,680","8,926","4,844","5,973","3,159","2,083","1,134","1,501",902,716,"1,208","1,933","2,082"
"referral:1","first_app:topfacemobappios","2015-08-01 00:00:00",0,0,0,0,0,0,0,"24,859","14,191","2,821","5,900","3,863","1,529","1,336","1,128",896,836,0,0
"referral:1","first_app:topfacemobappios","2015-09-01 00:00:00",0,0,0,0,0,0,0,0,"68,321","80,938","47,286","13,331","10,845","6,192","9,682","4,657","11,356","6,271","4,315"
"referral:1","first_app:topfacemobappios","2015-10-01 00:00:00",0,0,0,0,0,0,0,0,0,"247,741","200,241","129,460","105,230","87,058","74,596","64,020","54,223","40,308","37,805"
"referral:1","first_app:topfacemobappios","2015-11-01 00:00:00",0,0,0,0,0,0,0,0,0,0,"168,173","109,935","63,887","48,606","41,539","26,595","30,324","27,619","18,249"
"referral:1","first_app:topfacemobappios","2015-12-01 00:00:00",0,0,0,0,0,0,0,0,0,0,0,"130,231","115,375","55,276","55,807","44,172","34,605","23,623","23,184"
"referral:1","first_app:topfacemobappios","2016-01-01 00:00:00",0,0,0,0,0,0,0,0,0,0,0,0,"102,751","81,642","54,713","35,522","26,640","18,564","12,752"
"referral:1","first_app:topfacemobappios","2016-02-01 00:00:00",0,0,0,0,0,0,0,0,0,0,0,0,0,"188,441","232,590","116,295","88,226","61,960","53,696"
"referral:1","first_app:topfacemobappios","2016-03-01 00:00:00",0,0,0,0,0,0,0,0,0,0,0,0,0,0,"367,861","336,165","193,247","135,324","94,315"
"referral:1","first_app:topfacemobappios","2016-04-01 00:00:00",0,0,0,0,0,0,0,0,0,0,0,0,0,0,0,"664,088","644,175","328,266","242,910"
"referral:1","first_app:topfacemobappios","2016-05-01 00:00:00",0,0,0,0,0,0,0,0,0,0,0,0,0,0,0,0,"649,006","723,350","404,153"
"referral:1","first_app:topfacemobappios","2016-06-01 00:00:00",0,0,0,0,0,0,0,0,0,0,0,0,0,0,0,0,0,"497,542","410,730"
"referral:1","first_app:topfacemobappios","2016-07-01 00:00:00",0,0,0,0,0,0,0,0,0,0,0,0,0,0,0,0,0,0,"712,165"
"referral:1","first_app:topfacemobappios","2016-08-01 00:00:00",0,0,0,0,0,0,0,0,0,0,0,0,0,0,0,0,0,0,0
"referral:1","first_app:topfacemobappios","2016-09-01 00:00:00",0,0,0,0,0,0,0,0,0,0,0,0,0,0,0,0,0,0,0
"referral:1","first_app:topfacemobappios","2016-10-01 00:00:00",0,0,0,0,0,0,0,0,0,0,0,0,0,0,0,0,0,0,0
"referral:1","first_app:topfacemobappios","2016-11-01 00:00:00",0,0,0,0,0,0,0,0,0,0,0,0,0,0,0,0,0,0,0
"referral:1","first_app:topfacemobappios","2016-12-01 00:00:00",0,0,0,0,0,0,0,0,0,0,0,0,0,0,0,0,0,0,0
"referral:1","first_app:topfacemobappios","2017-01-01 00:00:00",0,0,0,0,0,0,0,0,0,0,0,0,0,0,0,0,0,0,0
"referral:1","first_app:topfacemobappios","2017-02-01 00:00:00",0,0,0,0,0,0,0,0,0,0,0,0,0,0,0,0,0,0,0
"referral:1","first_app:topfacemobappios","2017-03-01 00:00:00",0,0,0,0,0,0,0,0,0,0,0,0,0,0,0,0,0,0,0
"referral:1","first_app:topfacemobappios","2017-04-01 00:00:00",0,0,0,0,0,0,0,0,0,0,0,0,0,0,0,0,0,0,0
"referral:1","first_app:topfacemobappios","2017-05-01 00:00:00",0,0,0,0,0,0,0,0,0,0,0,0,0,0,0,0,0,0,0
"referral:1","first_app:topfacemobappios","2017-06-01 00:00:00",0,0,0,0,0,0,0,0,0,0,0,0,0,0,0,0,0,0,0
"referral:1","first_app:topfacemobappios","2017-07-01 00:00:00",0,0,0,0,0,0,0,0,0,0,0,0,0,0,0,0,0,0,0
"referral:1","first_app:topfacemobappios","2017-08-01 00:00:00",0,0,0,0,0,0,0,0,0,0,0,0,0,0,0,0,0,0,0
"referral:1","first_app:topfacemobappios","2017-09-01 00:00:00",0,0,0,0,0,0,0,0,0,0,0,0,0,0,0,0,0,0,0
"referral:1","first_app:topfacemobappios","2017-10-01 00:00:00",0,0,0,0,0,0,0,0,0,0,0,0,0,0,0,0,0,0,0
"referral:1","first_app:topfacemobappios","2017-11-01 00:00:00",0,0,0,0,0,0,0,0,0,0,0,0,0,0,0,0,0,0,0
"referral:1","first_app:topfacemobappios","2017-12-01 00:00:00",0,0,0,0,0,0,0,0,0,0,0,0,0,0,0,0,0,0,0
"referral:1","first_app:topfacemobappios","2018-01-01 00:00:00",0,0,0,0,0,0,0,0,0,0,0,0,0,0,0,0,0,0,0
"referral:1","first_app:topfacemobappios","2018-02-01 00:00:00",0,0,0,0,0,0,0,0,0,0,0,0,0,0,0,0,0,0,0
"referral:1","first_app:topfacemobappios","2018-03-01 00:00:00",0,0,0,0,0,0,0,0,0,0,0,0,0,0,0,0,0,0,0
"referral:1","first_app:topfacemobappios","2018-04-01 00:00:00",0,0,0,0,0,0,0,0,0,0,0,0,0,0,0,0,0,0,0
"referral:1","first_app:standalonetf","2015-01-01 00:00:00","255,321","230,480","139,958","109,715","51,189","117,291","97,789","98,205","13,328",727,"22,090","24,258","2,194","7,955","6,101","1,730","6,000","3,457","3,362"
"referral:1","first_app:standalonetf","2015-02-01 00:00:00",284,"384,262","367,229","127,039","80,542","10,318","14,489","160,361","165,222","88,111","78,416","70,092","22,224","1,207",572,304,"1,443",303,416
"referral:1","first_app:standalonetf","2015-03-01 00:00:00",0,0,"526,900","520,773","325,036","123,480","88,414","130,882","86,899","52,549","20,292","18,473","1,169",359,"1,385","1,410","1,681","1,084","1,224"
"referral:1","first_app:standalonetf","2015-04-01 00:00:00",0,0,0,"238,488","370,812","419,298","365,251","341,790","245,136","207,475","171,914","96,874","12,740","1,688","6,253","2,512",670,"1,672","2,346"
"referral:1","first_app:standalonetf","2015-05-01 00:00:00",0,0,0,0,"384,626","507,128","200,756","243,760","58,888","61,504","55,075","62,126","20,371",168,292,"3,212",779,267,"2,013"
"referral:1","first_app:standalonetf","2015-06-01 00:00:00",0,0,0,0,0,"1,483,051","1,315,670","921,626","638,571","501,791","254,429","73,596","33,061","6,019","8,964","6,080","2,892","4,931","6,565"
"referral:1","first_app:standalonetf","2015-07-01 00:00:00",0,0,0,0,0,0,"2,591,712","1,992,099","725,818","324,393","165,426","177,766","7,247","5,422","9,708","7,394","5,750","5,625","15,147"
"referral:1","first_app:standalonetf","2015-08-01 00:00:00",0,0,0,0,0,0,0,"2,078,869","1,670,700","1,312,719","641,636","412,270","108,288","10,596","15,294","13,787","9,854","6,545","12,836"
"referral:1","first_app:standalonetf","2015-09-01 00:00:00",0,0,0,0,0,0,0,0,"2,266,040","1,377,713","452,347","449,598","77,820","5,932","5,951","5,572","4,599","5,817","6,472"
"referral:1","first_app:standalonetf","2015-10-01 00:00:00",0,0,0,0,0,0,0,0,0,"2,231,796","1,158,917","299,212","35,700","10,745","17,387","10,063","10,977","6,430","12,107"
"referral:1","first_app:standalonetf","2015-11-01 00:00:00",0,0,0,0,0,0,0,0,0,0,"1,821,590","738,039","37,623","16,848","20,470","16,250","14,833","16,491","20,788"
"referral:1","first_app:standalonetf","2015-12-01 00:00:00",0,0,0,0,0,0,0,0,0,0,0,"1,292,145","53,535","18,786","20,911","16,528","6,919","6,213","11,123"
"referral:1","first_app:standalonetf","2016-01-01 00:00:00",0,0,0,0,0,0,0,0,0,0,0,0,"87,688","50,752","36,920","20,691","15,917","15,181","15,571"
"referral:1","first_app:standalonetf","2016-02-01 00:00:00",0,0,0,0,0,0,0,0,0,0,0,0,0,"42,535","23,854","10,317","8,281","8,343","7,471"
"referral:1","first_app:standalonetf","2016-03-01 00:00:00",0,0,0,0,0,0,0,0,0,0,0,0,0,0,"20,302","18,640","7,574","6,713","3,049"
"referral:1","first_app:standalonetf","2016-04-01 00:00:00",0,0,0,0,0,0,0,0,0,0,0,0,0,0,0,"17,946","12,728","11,749","3,619"
"referral:1","first_app:standalonetf","2016-05-01 00:00:00",0,0,0,0,0,0,0,0,0,0,0,0,0,0,0,0,"32,461","11,550","9,836"
"referral:1","first_app:standalonetf","2016-06-01 00:00:00",0,0,0,0,0,0,0,0,0,0,0,0,0,0,0,0,0,"14,145","12,553"
"referral:1","first_app:standalonetf","2016-07-01 00:00:00",0,0,0,0,0,0,0,0,0,0,0,0,0,0,0,0,0,0,"40,750"
"referral:1","first_app:standalonetf","2016-08-01 00:00:00",0,0,0,0,0,0,0,0,0,0,0,0,0,0,0,0,0,0,0
"referral:1","first_app:standalonetf","2016-09-01 00:00:00",0,0,0,0,0,0,0,0,0,0,0,0,0,0,0,0,0,0,0
"referral:1","first_app:standalonetf","2016-10-01 00:00:00",0,0,0,0,0,0,0,0,0,0,0,0,0,0,0,0,0,0,0
"referral:1","first_app:standalonetf","2016-11-01 00:00:00",0,0,0,0,0,0,0,0,0,0,0,0,0,0,0,0,0,0,0
"referral:1","first_app:standalonetf","2016-12-01 00:00:00",0,0,0,0,0,0,0,0,0,0,0,0,0,0,0,0,0,0,0
"referral:1","first_app:standalonetf","2017-01-01 00:00:00",0,0,0,0,0,0,0,0,0,0,0,0,0,0,0,0,0,0,0
"referral:1","first_app:standalonetf","2017-02-01 00:00:00",0,0,0,0,0,0,0,0,0,0,0,0,0,0,0,0,0,0,0
"referral:1","first_app:standalonetf","2017-03-01 00:00:00",0,0,0,0,0,0,0,0,0,0,0,0,0,0,0,0,0,0,0
"referral:1","first_app:standalonetf","2017-04-01 00:00:00",0,0,0,0,0,0,0,0,0,0,0,0,0,0,0,0,0,0,0
"referral:1","first_app:standalonetf","2017-05-01 00:00:00",0,0,0,0,0,0,0,0,0,0,0,0,0,0,0,0,0,0,0
"referral:1","first_app:standalonetf","2017-06-01 00:00:00",0,0,0,0,0,0,0,0,0,0,0,0,0,0,0,0,0,0,0
"referral:1","first_app:standalonetf","2017-07-01 00:00:00",0,0,0,0,0,0,0,0,0,0,0,0,0,0,0,0,0,0,0
"referral:1","first_app:standalonetf","2017-08-01 00:00:00",0,0,0,0,0,0,0,0,0,0,0,0,0,0,0,0,0,0,0
"referral:1","first_app:standalonetf","2017-09-01 00:00:00",0,0,0,0,0,0,0,0,0,0,0,0,0,0,0,0,0,0,0
"referral:1","first_app:standalonetf","2017-10-01 00:00:00",0,0,0,0,0,0,0,0,0,0,0,0,0,0,0,0,0,0,0
"referral:1","first_app:standalonetf","2017-11-01 00:00:00",0,0,0,0,0,0,0,0,0,0,0,0,0,0,0,0,0,0,0
"referral:1","first_app:standalonetf","2017-12-01 00:00:00",0,0,0,0,0,0,0,0,0,0,0,0,0,0,0,0,0,0,0
"referral:1","first_app:standalonetf","2018-01-01 00:00:00",0,0,0,0,0,0,0,0,0,0,0,0,0,0,0,0,0,0,0
"referral:1","first_app:standalonetf","2018-02-01 00:00:00",0,0,0,0,0,0,0,0,0,0,0,0,0,0,0,0,0,0,0
"referral:1","first_app:standalonetf","2018-03-01 00:00:00",0,0,0,0,0,0,0,0,0,0,0,0,0,0,0,0,0,0,0
"referral:1","first_app:standalonetf","2018-04-01 00:00:00",0,0,0,0,0,0,0,0,0,0,0,0,0,0,0,0,0,0,0
"referral:1","first_app:topface AND platform:vk","2015-01-01 00:00:00","4,000","50,092","12,138",229,0,23,92,276,46,46,23,115,0,203,0,0,0,0,0
"referral:1","first_app:topface AND platform:vk","2015-02-01 00:00:00",0,"5,548","47,945","7,246","2,587","2,547","1,404","1,671","1,334","1,009","1,100","1,771",572,"1,011","1,036",742,"1,036",938,919
"referral:1","first_app:topface AND platform:vk","2015-03-01 00:00:00",0,0,"211,945","197,463","124,488","69,638","99,593","31,853","132,128","89,637","93,599","47,294","21,847","12,391","13,062","10,200","10,979","9,601","14,631"
"referral:1","first_app:topface AND platform:vk","2015-04-01 00:00:00",0,0,0,"253,831","76,630","45,365","48,199","31,453","15,016","12,599","21,646","21,855","15,121","9,171","7,683","8,473","4,885","7,894","9,404"
"referral:1","first_app:topface AND platform:vk","2015-05-01 00:00:00",0,0,0,0,"108,203","46,832","72,536","100,665","130,212","70,453","41,971","30,576","4,453","3,230","2,192","2,843","4,982","2,809","2,221"
"referral:1","first_app:topface AND platform:vk","2015-06-01 00:00:00",0,0,0,0,0,"61,922","29,752","11,762","9,236","8,916","4,297","7,332","3,773","4,926","4,352","4,961","2,604","2,336","1,650"
"referral:1","first_app:topface AND platform:vk","2015-07-01 00:00:00",0,0,0,0,0,0,"95,824","60,441","18,349","23,066","10,763","32,232","7,120","4,333","4,155","2,922","2,415","2,510","3,691"
"referral:1","first_app:topface AND platform:vk","2015-08-01 00:00:00",0,0,0,0,0,0,0,"42,260","28,316","53,686","6,968","27,668","4,211","5,228","3,572","1,516","2,613","2,810","2,796"
"referral:1","first_app:topface AND platform:vk","2015-09-01 00:00:00",0,0,0,0,0,0,0,0,"151,223","102,175","19,299","25,350","9,796","6,072","6,745","5,086","2,728","3,509","1,404"
"referral:1","first_app:topface AND platform:vk","2015-10-01 00:00:00",0,0,0,0,0,0,0,0,0,"36,352","55,642","13,625","9,153","6,444","5,324","5,230","2,892","3,253","5,315"
"referral:1","first_app:topface AND platform:vk","2015-11-01 00:00:00",0,0,0,0,0,0,0,0,0,0,"72,360","24,557","12,732","6,132","5,687","4,802","4,610","4,330","6,062"
"referral:1","first_app:topface AND platform:vk","2015-12-01 00:00:00",0,0,0,0,0,0,0,0,0,0,0,"38,015","18,468","11,344","7,678","4,988","5,344","4,122","5,811"
"referral:1","first_app:topface AND platform:vk","2016-01-01 00:00:00",0,0,0,0,0,0,0,0,0,0,0,0,"32,743","23,312","9,222","6,154","3,894","3,168","2,198"
"referral:1","first_app:topface AND platform:vk","2016-02-01 00:00:00",0,0,0,0,0,0,0,0,0,0,0,0,0,"22,877","15,498","7,080","3,643","1,173","5,898"
"referral:1","first_app:topface AND platform:vk","2016-03-01 00:00:00",0,0,0,0,0,0,0,0,0,0,0,0,0,0,"9,777","5,979","1,856",628,750
"referral:1","first_app:topface AND platform:vk","2016-04-01 00:00:00",0,0,0,0,0,0,0,0,0,0,0,0,0,0,0,278,376,82,0
"referral:1","first_app:topface AND platform:vk","2016-05-01 00:00:00",0,0,0,0,0,0,0,0,0,0,0,0,0,0,0,0,108,0,0
"referral:1","first_app:topface AND platform:vk","2016-06-01 00:00:00",0,0,0,0,0,0,0,0,0,0,0,0,0,0,0,0,0,"2,037","1,699"
"referral:1","first_app:topface AND platform:vk","2016-07-01 00:00:00",0,0,0,0,0,0,0,0,0,0,0,0,0,0,0,0,0,0,121
"referral:1","first_app:topface AND platform:vk","2016-08-01 00:00:00",0,0,0,0,0,0,0,0,0,0,0,0,0,0,0,0,0,0,0
"referral:1","first_app:topface AND platform:vk","2016-09-01 00:00:00",0,0,0,0,0,0,0,0,0,0,0,0,0,0,0,0,0,0,0
"referral:1","first_app:topface AND platform:vk","2016-10-01 00:00:00",0,0,0,0,0,0,0,0,0,0,0,0,0,0,0,0,0,0,0
"referral:1","first_app:topface AND platform:vk","2016-11-01 00:00:00",0,0,0,0,0,0,0,0,0,0,0,0,0,0,0,0,0,0,0
"referral:1","first_app:topface AND platform:vk","2016-12-01 00:00:00",0,0,0,0,0,0,0,0,0,0,0,0,0,0,0,0,0,0,0
"referral:1","first_app:topface AND platform:vk","2017-01-01 00:00:00",0,0,0,0,0,0,0,0,0,0,0,0,0,0,0,0,0,0,0
"referral:1","first_app:topface AND platform:vk","2017-02-01 00:00:00",0,0,0,0,0,0,0,0,0,0,0,0,0,0,0,0,0,0,0
"referral:1","first_app:topface AND platform:vk","2017-03-01 00:00:00",0,0,0,0,0,0,0,0,0,0,0,0,0,0,0,0,0,0,0
"referral:1","first_app:topface AND platform:vk","2017-04-01 00:00:00",0,0,0,0,0,0,0,0,0,0,0,0,0,0,0,0,0,0,0
"referral:1","first_app:topface AND platform:vk","2017-05-01 00:00:00",0,0,0,0,0,0,0,0,0,0,0,0,0,0,0,0,0,0,0
"referral:1","first_app:topface AND platform:vk","2017-06-01 00:00:00",0,0,0,0,0,0,0,0,0,0,0,0,0,0,0,0,0,0,0
"referral:1","first_app:topface AND platform:vk","2017-07-01 00:00:00",0,0,0,0,0,0,0,0,0,0,0,0,0,0,0,0,0,0,0
"referral:1","first_app:topface AND platform:vk","2017-08-01 00:00:00",0,0,0,0,0,0,0,0,0,0,0,0,0,0,0,0,0,0,0
"referral:1","first_app:topface AND platform:vk","2017-09-01 00:00:00",0,0,0,0,0,0,0,0,0,0,0,0,0,0,0,0,0,0,0
"referral:1","first_app:topface AND platform:vk","2017-10-01 00:00:00",0,0,0,0,0,0,0,0,0,0,0,0,0,0,0,0,0,0,0
"referral:1","first_app:topface AND platform:vk","2017-11-01 00:00:00",0,0,0,0,0,0,0,0,0,0,0,0,0,0,0,0,0,0,0
"referral:1","first_app:topface AND platform:vk","2017-12-01 00:00:00",0,0,0,0,0,0,0,0,0,0,0,0,0,0,0,0,0,0,0
"referral:1","first_app:topface AND platform:vk","2018-01-01 00:00:00",0,0,0,0,0,0,0,0,0,0,0,0,0,0,0,0,0,0,0
"referral:1","first_app:topface AND platform:vk","2018-02-01 00:00:00",0,0,0,0,0,0,0,0,0,0,0,0,0,0,0,0,0,0,0
"referral:1","first_app:topface AND platform:vk","2018-03-01 00:00:00",0,0,0,0,0,0,0,0,0,0,0,0,0,0,0,0,0,0,0
"referral:1","first_app:topface AND platform:ok","2015-01-01 00:00:00","561,571","615,659","529,617","158,271","76,075","96,271","97,394","59,071","115,414","24,896","22,953","30,048","11,778","8,915","11,199","10,538","7,166","7,561","8,542"
"referral:1","first_app:topface AND platform:ok","2015-02-01 00:00:00",0,"234,229","426,017","276,662","205,813","103,564","185,553","100,204","106,998","28,616","22,001","18,875","15,336","9,641","10,375","5,314","7,287","4,219","6,005"
"referral:1","first_app:topface AND platform:ok","2015-03-01 00:00:00",0,0,"507,211","461,111","367,096","116,280","165,123","89,397","93,180","57,492","48,046","59,985","20,921","12,081","11,538","10,630","9,263","6,244","6,074"
"referral:1","first_app:topface AND platform:ok","2015-04-01 00:00:00",0,0,0,"333,878","720,022","534,014","317,292","296,364","247,273","194,065","327,803","431,674","40,426","12,636","9,011","10,553","5,368","4,162","4,981"
"referral:1","first_app:topface AND platform:ok","2015-05-01 00:00:00",0,0,0,0,"55,929","54,223","29,258","95,416","28,416","62,361","9,173","10,601","7,341","4,683","3,246","2,038","2,541","2,488","1,641"
"referral:1","first_app:topface AND platform:ok","2015-06-01 00:00:00",0,0,0,0,0,"79,923","66,815","28,351","16,600","10,939","7,206","5,209","4,657","3,326","8,807","3,959","1,589","1,195","4,011"
"referral:1","first_app:topface AND platform:ok","2015-07-01 00:00:00",0,0,0,0,0,0,"125,031","297,298","190,210","154,506","104,749","80,355","16,431","7,869","6,608","5,538","5,276","5,558","3,687"
"referral:1","first_app:topface AND platform:ok","2015-08-01 00:00:00",0,0,0,0,0,0,0,"119,819","82,229","62,832","11,913","13,404","9,561","4,085","3,840","6,651","3,812","3,269","3,819"
"referral:1","first_app:topface AND platform:ok","2015-09-01 00:00:00",0,0,0,0,0,0,0,0,"49,553","34,904","20,422","21,545","6,373","3,757","3,602","3,448","2,620","2,052","1,512"
"referral:1","first_app:topface AND platform:ok","2015-10-01 00:00:00",0,0,0,0,0,0,0,0,0,"84,297","103,420","47,184","6,328","9,936","6,389","5,226","6,382","4,097","4,779"
"referral:1","first_app:topface AND platform:ok","2015-11-01 00:00:00",0,0,0,0,0,0,0,0,0,0,"94,855","80,760","16,146","11,360","8,768","6,646","11,453","5,166","5,873"
"referral:1","first_app:topface AND platform:ok","2015-12-01 00:00:00",0,0,0,0,0,0,0,0,0,0,0,"67,921","25,312","9,944","5,907","5,692","5,395","3,785","3,457"
"referral:1","first_app:topface AND platform:ok","2016-01-01 00:00:00",0,0,0,0,0,0,0,0,0,0,0,0,"27,756","10,110","8,318","4,181","5,093","5,642","3,685"
"referral:1","first_app:topface AND platform:ok","2016-02-01 00:00:00",0,0,0,0,0,0,0,0,0,0,0,0,0,"16,009","13,950","7,413","5,183","2,003","2,385"
"referral:1","first_app:topface AND platform:ok","2016-03-01 00:00:00",0,0,0,0,0,0,0,0,0,0,0,0,0,0,"8,356","3,864","1,989","1,541",747
"referral:1","first_app:topface AND platform:ok","2016-04-01 00:00:00",0,0,0,0,0,0,0,0,0,0,0,0,0,0,0,0,0,0,0
"referral:1","first_app:topface AND platform:ok","2016-05-01 00:00:00",0,0,0,0,0,0,0,0,0,0,0,0,0,0,0,0,0,0,0
"referral:1","first_app:topface AND platform:ok","2016-06-01 00:00:00",0,0,0,0,0,0,0,0,0,0,0,0,0,0,0,0,0,0,0
"referral:1","first_app:topface AND platform:ok","2016-07-01 00:00:00",0,0,0,0,0,0,0,0,0,0,0,0,0,0,0,0,0,0,0
"referral:1","first_app:topface AND platform:ok","2016-08-01 00:00:00",0,0,0,0,0,0,0,0,0,0,0,0,0,0,0,0,0,0,0
"referral:1","first_app:topface AND platform:ok","2016-09-01 00:00:00",0,0,0,0,0,0,0,0,0,0,0,0,0,0,0,0,0,0,0
"referral:1","first_app:topface AND platform:ok","2016-10-01 00:00:00",0,0,0,0,0,0,0,0,0,0,0,0,0,0,0,0,0,0,0
"referral:1","first_app:topface AND platform:ok","2016-11-01 00:00:00",0,0,0,0,0,0,0,0,0,0,0,0,0,0,0,0,0,0,0
"referral:1","first_app:topface AND platform:ok","2016-12-01 00:00:00",0,0,0,0,0,0,0,0,0,0,0,0,0,0,0,0,0,0,0
"referral:1","first_app:topface AND platform:ok","2017-01-01 00:00:00",0,0,0,0,0,0,0,0,0,0,0,0,0,0,0,0,0,0,0
"referral:1","first_app:topface AND platform:ok","2017-02-01 00:00:00",0,0,0,0,0,0,0,0,0,0,0,0,0,0,0,0,0,0,0
"referral:1","first_app:topface AND platform:ok","2017-03-01 00:00:00",0,0,0,0,0,0,0,0,0,0,0,0,0,0,0,0,0,0,0
"referral:1","first_app:topface AND platform:ok","2017-04-01 00:00:00",0,0,0,0,0,0,0,0,0,0,0,0,0,0,0,0,0,0,0
"referral:1","first_app:topface AND platform:ok","2017-05-01 00:00:00",0,0,0,0,0,0,0,0,0,0,0,0,0,0,0,0,0,0,0
"referral:1","first_app:topface AND platform:ok","2017-06-01 00:00:00",0,0,0,0,0,0,0,0,0,0,0,0,0,0,0,0,0,0,0
"referral:1","first_app:topface AND platform:ok","2017-07-01 00:00:00",0,0,0,0,0,0,0,0,0,0,0,0,0,0,0,0,0,0,0
"referral:1","first_app:topface AND platform:ok","2017-08-01 00:00:00",0,0,0,0,0,0,0,0,0,0,0,0,0,0,0,0,0,0,0
"referral:1","first_app:topface AND platform:ok","2017-10-01 00:00:00",0,0,0,0,0,0,0,0,0,0,0,0,0,0,0,0,0,0,0
"referral:1","first_app:topface AND platform:ok","2018-01-01 00:00:00",0,0,0,0,0,0,0,0,0,0,0,0,0,0,0,0,0,0,0
"referral:1","first_app:topface AND platform:ok","2018-02-01 00:00:00",0,0,0,0,0,0,0,0,0,0,0,0,0,0,0,0,0,0,0
"referral:1","first_app:topface AND platform:fb","2015-01-01 00:00:00",0,0,0,0,0,0,0,0,0,0,0,0,0,0,0,0,0,0,0
"referral:1","first_app:topface AND platform:fb","2015-02-01 00:00:00",0,869,"2,675",560,0,0,0,0,0,0,0,0,0,0,0,0,0,0,0
"referral:1","first_app:topface AND platform:fb","2015-03-01 00:00:00",0,0,"60,124","23,996","9,496","11,381","11,493","13,066","4,601","8,770","9,682","14,771","3,934","9,948","2,667","2,372","1,588","3,673","2,743"
"referral:1","first_app:topface AND platform:fb","2015-04-01 00:00:00",0,0,0,"15,722","27,734","12,669","7,261","4,657","2,189","3,568","3,081","3,840","3,428",864,621,859,"1,466",350,209
"referral:1","first_app:topface AND platform:fb","2015-05-01 00:00:00",0,0,0,0,"43,249","39,080","13,190","10,001","5,144","8,296","4,041","6,142","2,310","4,595","2,554","1,550","1,829","1,750","3,882"
"referral:1","first_app:topface AND platform:fb","2015-06-01 00:00:00",0,0,0,0,0,"5,242","2,444","1,049",699,"1,049","1,049",350,0,700,0,700,0,0,700
"referral:1","first_app:topface AND platform:fb","2015-07-01 00:00:00",0,0,0,0,0,0,0,0,0,0,0,0,0,0,0,0,0,0,0
"referral:1","first_app:topface AND platform:fb","2015-09-01 00:00:00",0,0,0,0,0,0,0,0,"10,996","13,032","5,595","4,271","2,136","5,880","3,968","3,308","1,294",541,"3,721"
"referral:1","first_app:topface AND platform:fb","2015-10-01 00:00:00",0,0,0,0,0,0,0,0,0,"74,559","67,490","36,216","33,405","22,553","20,453","15,773","13,940","15,937","10,236"
"referral:1","first_app:topface AND platform:fb","2015-11-01 00:00:00",0,0,0,0,0,0,0,0,0,0,"202,153","117,604","66,623","51,530","46,727","28,341","20,994","18,369","23,438"
"referral:1","first_app:topface AND platform:fb","2015-12-01 00:00:00",0,0,0,0,0,0,0,0,0,0,0,"229,061","135,664","71,390","61,861","27,932","32,332","26,962","13,195"
"referral:1","first_app:topface AND platform:fb","2016-01-01 00:00:00",0,0,0,0,0,0,0,0,0,0,0,0,"217,943","132,737","78,921","51,008","33,686","23,100","33,680"
"referral:1","first_app:topface AND platform:fb","2016-02-01 00:00:00",0,0,0,0,0,0,0,0,0,0,0,0,0,"109,249","87,550","30,443","27,030","13,781","11,827"
"referral:1","first_app:topface AND platform:fb","2016-03-01 00:00:00",0,0,0,0,0,0,0,0,0,0,0,0,0,0,"136,437","72,516","41,599","21,865","18,964"
"referral:1","first_app:topface AND platform:fb","2016-04-01 00:00:00",0,0,0,0,0,0,0,0,0,0,0,0,0,0,0,"19,143","12,950","5,506","3,424"
"referral:1","first_app:topface AND platform:fb","2016-05-01 00:00:00",0,0,0,0,0,0,0,0,0,0,0,0,0,0,0,0,"38,334","18,540","10,262"
"referral:1","first_app:topface AND platform:fb","2016-06-01 00:00:00",0,0,0,0,0,0,0,0,0,0,0,0,0,0,0,0,0,"62,907","37,021"
"referral:1","first_app:topface AND platform:fb","2016-07-01 00:00:00",0,0,0,0,0,0,0,0,0,0,0,0,0,0,0,0,0,0,0
"referral:1","first_app:topface AND platform:fb","2016-08-01 00:00:00",0,0,0,0,0,0,0,0,0,0,0,0,0,0,0,0,0,0,0
"referral:1","first_app:topface AND platform:fb","2016-09-01 00:00:00",0,0,0,0,0,0,0,0,0,0,0,0,0,0,0,0,0,0,0
"referral:1","first_app:topface AND platform:fb","2016-10-01 00:00:00",0,0,0,0,0,0,0,0,0,0,0,0,0,0,0,0,0,0,0
"referral:1","first_app:topface AND platform:fb","2016-11-01 00:00:00",0,0,0,0,0,0,0,0,0,0,0,0,0,0,0,0,0,0,0
"referral:1","first_app:topface AND platform:fb","2016-12-01 00:00:00",0,0,0,0,0,0,0,0,0,0,0,0,0,0,0,0,0,0,0
"referral:1","first_app:topface AND platform:fb","2017-01-01 00:00:00",0,0,0,0,0,0,0,0,0,0,0,0,0,0,0,0,0,0,0
"referral:1","first_app:topface AND platform:fb","2017-02-01 00:00:00",0,0,0,0,0,0,0,0,0,0,0,0,0,0,0,0,0,0,0
"referral:1","first_app:topface AND platform:fb","2017-03-01 00:00:00",0,0,0,0,0,0,0,0,0,0,0,0,0,0,0,0,0,0,0
"referral:1","first_app:topface AND platform:fb","2017-04-01 00:00:00",0,0,0,0,0,0,0,0,0,0,0,0,0,0,0,0,0,0,0
"referral:1","first_app:topface AND platform:fb","2017-05-01 00:00:00",0,0,0,0,0,0,0,0,0,0,0,0,0,0,0,0,0,0,0
"referral:1","first_app:topface AND platform:fb","2017-06-01 00:00:00",0,0,0,0,0,0,0,0,0,0,0,0,0,0,0,0,0,0,0
"referral:1","first_app:topface AND platform:fb","2017-07-01 00:00:00",0,0,0,0,0,0,0,0,0,0,0,0,0,0,0,0,0,0,0
"referral:1","first_app:topface AND platform:fb","2017-08-01 00:00:00",0,0,0,0,0,0,0,0,0,0,0,0,0,0,0,0,0,0,0
"referral:1","first_app:topface AND platform:fb","2017-09-01 00:00:00",0,0,0,0,0,0,0,0,0,0,0,0,0,0,0,0,0,0,0
"referral:1","first_app:topface AND platform:fb","2017-10-01 00:00:00",0,0,0,0,0,0,0,0,0,0,0,0,0,0,0,0,0,0,0
"referral:1","first_app:topface AND platform:fb","2017-11-01 00:00:00",0,0,0,0,0,0,0,0,0,0,0,0,0,0,0,0,0,0,0
"referral:1","first_app:topface AND platform:fb","2017-12-01 00:00:00",0,0,0,0,0,0,0,0,0,0,0,0,0,0,0,0,0,0,0
"referral:1","first_app:topface AND platform:fb","2018-01-01 00:00:00",0,0,0,0,0,0,0,0,0,0,0,0,0,0,0,0,0,0,0
"referral:1","first_app:topface AND platform:fb","2018-02-01 00:00:00",0,0,0,0,0,0,0,0,0,0,0,0,0,0,0,0,0,0,0
"referral:1","first_app:topface AND platform:fb","2018-03-01 00:00:00",0,0,0,0,0,0,0,0,0,0,0,0,0,0,0,0,0,0,0
